date_joined,name,email,phone,account_type,payment_type,loyalty_card,password,address_street,address_city,address_country
2015-12-02 22:28,Stuart Cote,volutpat.nunc@orcisemeget.net,0913 090 8770,CUSTOMER,VISA,0,Virginia,2588 Pede. St.,Waiheke Island,Yemen
2015-12-02 22:28,Roth Dejesus,mollis.lectus.pede@loremeget.edu,0800 680 2258,CUSTOMER,MASTERCARD,1,Alexis,593-3225 Ac Av.,Pabianice,Swaziland
2016-01-23 08:11,Vincent Mcpherson,urna.Nunc.quis@Nunc.ca,(0191) 784 5337,CUSTOMER,AMEX,1,Cain,7410 Nunc Avenue,Kearney,Ecuador
2015-07-10 10:56,Josiah Nicholson,sed.dictum@magnaaneque.net,(0113) 560 4789,CUSTOMER,VISA,1,Cora,1870 At Street,Newmarket,Italy
2015-08-18 13:09,Alec Charles,in.hendrerit@ametmetusAliquam.ca,(01239) 997065,ADMINISTRATOR,VISA,1,Callie,P.O. Box 845  6291 Vulputate Rd.,Bauchi,Chile
2015-08-06 19:52,Paki Hamilton,nascetur@estNunc.ca,0354 665 8232,CUSTOMER,AMEX,0,Xanthus,Ap #791-246 Purus Road,Forbach,Sri Lanka
2015-10-23 19:24,Eric Delgado,justo@lectus.net,(01524) 59361,ADMINISTRATOR,AMEX,1,Anthony,3765 Aliquet. Rd.,Desteldonk,Peru
2015-09-07 11:51,Ezekiel Russo,magna.Sed@non.net,056 8923 5161,CUSTOMER,MASTERCARD,1,Maxine,6288 Neque Avenue,Pamplona,Comoros
2016-01-26 07:00,Paul Daugherty,dapibus.ligula.Aliquam@semmollis.co.uk,(016977) 1378,CUSTOMER,AMEX,1,Virginia,P.O. Box 657  2355 Curabitur Ave,Belfort,Puerto Rico
2015-11-19 00:54,Nero Bates,velit@duiquis.edu,07624 344451,CUSTOMER,MASTERCARD,1,Cathleen,844-4178 Elit Street,Vienna,Dominican Republic
2015-11-19 08:11,Byron Vazquez,at.nisi.Cum@orciluctus.ca,(0112) 612 0396,ADMINISTRATOR,AMEX,1,Miranda,Ap #847-967 Duis Rd.,New Maryland,South Sudan
2015-08-27 22:31,Nero Stanton,nibh.vulputate.mauris@sem.org,07624 955486,CUSTOMER,AMEX,0,Trevor,Ap #470-2904 Porttitor Ave,Lummen,Virgin Islands  British
2015-09-16 20:11,Hiram Hatfield,cursus@lacus.edu,(018935) 92193,CUSTOMER,VISA,0,Francesca,284-7678 Congue. St.,Galway,Venezuela
2015-09-11 14:24,Logan Juarez,pede.Nunc.sed@sit.co.uk,(028) 1813 0017,CUSTOMER,MASTERCARD,1,Gareth,3318 Amet Av.,Ararat,Andorra
2015-07-31 23:52,Lev Mayer,neque@leoelementum.edu,(0113) 518 3044,CUSTOMER,AMEX,1,Carla,5929 Sed St.,Penzance,Cayman Islands
2015-12-17 09:17,Cody Everett,dictum.mi@necenim.org,0377 098 9383,CUSTOMER,MASTERCARD,0,Julian,Ap #615-4270 Nullam Street,Joinville,Papua New Guinea
2016-02-08 09:25,Gannon Mcclure,mi.eleifend.egestas@dignissim.com,056 3969 2316,CUSTOMER,AMEX,0,Knox,Ap #495-1618 Mauris St.,Oyo,Wallis and Futuna
2016-01-23 01:36,Len Chaney,dui.semper@lorem.com,(025) 3744 5152,CUSTOMER,VISA,1,Lawrence,P.O. Box 616  5876 Cum Avenue,Dannevirke,Bonaire  Sint Eustatius and Saba
2015-10-22 13:44,Reed Morris,vel@Namconsequat.org,076 3249 1050,CUSTOMER,VISA,0,Daria,941-6037 Dolor Street,Jundia°,Monaco
2015-11-27 19:22,Herman Cantu,amet.consectetuer.adipiscing@ultriciesdignissimlacus.edu,07624 800902,CUSTOMER,AMEX,1,Cailin,4923 Lacus. Avenue,San Antonio,Falkland Islands
2016-02-18 20:20,Russell Glover,nisi.nibh.lacinia@lorem.com,0885 226 3666,ADMINISTRATOR,AMEX,0,Freya,593-7953 Scelerisque Ave,Jonesboro,Tunisia
2015-07-27 16:56,Logan Robles,id@magnaLorem.org,(0101) 009 7218,CUSTOMER,VISA,1,Robin,418-6485 Nibh Av.,Pedro Aguirre Cerda,Lesotho
2015-09-20 07:24,Tad Hines,a.neque.Nullam@lacusNullatincidunt.co.uk,076 3126 0973,CUSTOMER,AMEX,0,Zephr,513 Tortor. Avenue,Legnica,Kazakhstan
2016-01-29 00:29,Basil Nunez,ullamcorper@acorciUt.com,(01620) 13595,CUSTOMER,MASTERCARD,1,Quynn,4716 Sociis St.,Toowoomba,South Africa
2016-01-20 11:26,Kamal Woods,nisl.Quisque@lorem.co.uk,055 2711 6633,CUSTOMER,MASTERCARD,1,Jolene,P.O. Box 825  9983 Non Rd.,Dublin,Turks and Caicos Islands
2015-07-06 19:07,Hasad Summers,Nullam.feugiat@Nullam.edu,0845 46 40,CUSTOMER,AMEX,0,Demetrius,Ap #613-3296 Condimentum. Avenue,Berlin,British Indian Ocean Territory
2016-01-15 06:56,Blaze Clements,elementum.sem.vitae@nequeMorbi.ca,0995 131 1963,CUSTOMER,VISA,0,Hadley,Ap #402-6599 Ornare  Av.,Ribeir∆o Preto,Slovenia
2016-02-20 23:31,Burton Kelley,ornare.facilisis.eget@nonmagnaNam.org,(01707) 38066,CUSTOMER,AMEX,0,Christopher,726-4088 Egestas St.,Hawera,Chile
2016-01-17 01:32,Stephen Booker,Fusce@nunc.com,0854 335 3708,CUSTOMER,MASTERCARD,1,Kalia,5007 Ultrices Avenue,Aylmer,Saint Pierre and Miquelon
2015-12-16 10:31,Kieran Haney,a@lorem.net,0845 46 47,ADMINISTRATOR,VISA,0,Ursa,468-2524 Sed Road,Iquique,Nauru
2016-01-14 14:05,Howard Andrews,diam.lorem.auctor@Suspendissesagittis.edu,07624 396914,CUSTOMER,AMEX,1,Scott,825-8014 Pellentesque St.,Topeka,Saudi Arabia
2015-09-28 19:46,Silas Padilla,parturient.montes@SuspendisseduiFusce.edu,(01994) 93709,CUSTOMER,VISA,0,Alfonso,Ap #478-5299 Lacus. St.,Saint-Hilarion,Uganda
2015-07-20 12:33,Paki Wagner,tellus.non.magna@enimnec.org,056 6604 2723,ADMINISTRATOR,AMEX,0,Yardley,8520 Volutpat Avenue,Istanbul,Virgin Islands  British
2016-01-25 12:01,Richard Whitaker,sed@nonenimcommodo.net,(027) 5036 1845,CUSTOMER,AMEX,1,Felicia,9679 Blandit Road,Ribeir∆o Preto,Bermuda
2015-07-04 06:51,Clark Lambert,urna.Vivamus.molestie@lectus.co.uk,(018529) 85257,CUSTOMER,VISA,1,Armando,5035 Ut Street,Guadalupe,Cyprus
2016-02-02 09:27,Cruz Hogan,Sed.pharetra.felis@facilisis.net,0800 662625,CUSTOMER,AMEX,0,Karen,P.O. Box 932  5743 Enim St.,St. Neots,Lesotho
2015-12-22 02:44,Lionel Day,ullamcorper.Duis@Aeneaneuismodmauris.ca,076 1045 8749,CUSTOMER,VISA,0,Kareem,367-4480 At Avenue,Osasco,Mozambique
2015-08-24 12:04,Alexander Huff,condimentum.Donec.at@pedeCras.net,076 0756 2250,CUSTOMER,MASTERCARD,1,Sydnee,P.O. Box 698  1820 Elit  Rd.,Ashburton,French Polynesia
2015-08-31 15:49,Kenyon Summers,id@necenim.org,0845 46 47,CUSTOMER,MASTERCARD,0,Elaine,1816 Vivamus Ave,Caxias do Sul,South Georgia and The South Sandwich Islands
2016-02-26 00:52,Carlos Carney,sed.sem.egestas@intempus.edu,07884 747964,ADMINISTRATOR,AMEX,1,Dakota,Ap #588-5908 Gravida Road,Watson Lake,Hong Kong
2016-02-06 13:09,Abraham Delgado,mollis.Phasellus.libero@Crasdolordolor.edu,0364 398 2079,CUSTOMER,MASTERCARD,1,Basia,106-4829 Libero. Road,Tokoroa,Benin
2015-10-27 06:19,Eric Bryan,risus@nequesedsem.net,07802 026856,ADMINISTRATOR,VISA,0,Geraldine,6490 Metus. St.,Memphis,Andorra
2015-10-23 02:10,Slade Perry,nonummy@amagna.ca,(01614) 889746,CUSTOMER,AMEX,0,Allistair,728-8945 Molestie Rd.,Orai,Montenegro
2015-12-25 17:04,Ray Valentine,ipsum.primis.in@tinciduntnuncac.com,(01340) 81122,CUSTOMER,AMEX,1,Thaddeus,Ap #910-9093 Aliquet St.,Stony Plain,San Marino
2016-02-13 19:48,Luke Shepard,scelerisque.neque@tellussem.net,076 5666 4330,CUSTOMER,AMEX,1,Caryn,3753 Nonummy Av.,Vienna,Congo  the Democratic Republic of the
2015-12-14 23:31,Forrest Alvarado,Aliquam.tincidunt@aceleifendvitae.org,(0119) 569 4955,CUSTOMER,AMEX,1,Harriet,330-7691 In Rd.,Lauro de Freitas,Pakistan
2016-01-23 22:21,Kasper Watson,dui.Cras.pellentesque@lacuspede.ca,0972 986 8716,CUSTOMER,AMEX,0,Lani,P.O. Box 367  3285 Rutrum Street,Patarr†,Grenada
2015-11-06 13:20,Akeem Ward,a.malesuada@sitametmassa.com,0800 263 4647,ADMINISTRATOR,MASTERCARD,1,Courtney,456-145 Blandit Rd.,Donosti,Monaco
2016-01-15 05:07,Michael Ortega,accumsan.convallis@Nullatinciduntneque.edu,0845 46 44,CUSTOMER,VISA,0,Farrah,Ap #364-9764 Commodo Av.,Mirzapur-cum-Vindhyachal,Korea  North
2015-09-23 17:40,Harlan Moss,pede.ac.urna@amet.ca,07624 891030,CUSTOMER,VISA,1,Dana,7837 At  Ave,Leernes,Kenya
2015-11-22 06:14,Clayton Velez,Nulla.interdum@egestasascelerisque.com,0800 1111,CUSTOMER,VISA,1,Azalia,3041 Vulputate Ave,Koningshooikt,Pakistan
2015-07-13 09:06,Nero Huff,amet.massa.Quisque@atsemmolestie.net,070 3727 2675,CUSTOMER,VISA,0,Erin,652-7096 Ante  Street,Joondalup,Micronesia
2015-12-26 14:41,Blaze Miles,massa@nuncsitamet.ca,0500 045586,CUSTOMER,MASTERCARD,0,Prescott,3712 Donec Ave,Quilicura,Denmark
2016-01-11 22:36,Gage Marks,quis@seddictumeleifend.edu,0800 1111,CUSTOMER,MASTERCARD,0,Trevor,Ap #615-3226 Dictum Rd.,Maubeuge,Seychelles
2016-01-12 13:33,Tanner Callahan,lobortis.nisi@risusatfringilla.com,0500 006328,CUSTOMER,AMEX,1,Tallulah,7222 Rutrum. Av.,Kano,Saint Pierre and Miquelon
2016-02-24 11:30,Kasimir Greer,vitae@fermentum.co.uk,0500 347769,CUSTOMER,VISA,1,Logan,P.O. Box 725  8229 Tristique Rd.,Patarr†,Cyprus
2015-08-16 16:53,Baxter Cunningham,Aenean.eget.magna@nondapibusrutrum.net,(0118) 117 8099,CUSTOMER,MASTERCARD,0,Emery,3633 Vitae St.,Cartagena,Swaziland
2015-07-16 13:57,Jermaine William,Fusce@Donec.co.uk,07958 765405,CUSTOMER,MASTERCARD,1,Gage,P.O. Box 712  4495 Aliquam Av.,Hexham,Gabon
2015-08-30 09:44,Yasir Daugherty,blandit@metus.ca,0884 693 6883,CUSTOMER,MASTERCARD,0,Maya,8016 Nisi. Street,Wroclaw,French Polynesia
2016-02-20 17:29,Forrest Graves,pellentesque.tellus@Nullasemper.org,0800 732831,CUSTOMER,VISA,0,Andrew,364-4440 Nisi Rd.,Winterswijk,Myanmar
2015-07-03 19:08,Dalton Oneill,sed@non.net,0314 200 0212,CUSTOMER,VISA,0,Savannah,4240 Fringilla Avenue,Hamilton,Svalbard and Jan Mayen Islands
2015-08-08 21:31,Ira Avila,Ut@nibhDonec.org,0500 905414,CUSTOMER,VISA,0,Fleur,Ap #603-6683 Maecenas St.,Pocatello,Uruguay
2015-11-20 13:26,Branden Hogan,felis@lectusconvallis.net,(01547) 48280,CUSTOMER,VISA,1,Lacey,847-9952 Maecenas St.,Ambattur,Moldova
2016-01-15 15:27,Ulysses Scott,adipiscing.ligula@Inornaresagittis.edu,0845 46 44,CUSTOMER,MASTERCARD,0,Serina,P.O. Box 370  6436 Dictum St.,Breda,Croatia
2015-10-28 18:06,Salvador Leach,eu.elit.Nulla@ametconsectetueradipiscing.edu,(0112) 804 8982,CUSTOMER,AMEX,1,Sara,948-7656 Fermentum Rd.,Boignee,Mali
2015-09-17 01:06,Theodore Short,consectetuer@Integeraliquamadipiscing.org,055 6738 3108,CUSTOMER,MASTERCARD,0,Brendan,967-510 Erat  Av.,Tacoma,Montenegro
2016-01-16 11:40,Owen Berger,fringilla@utnulla.edu,(01947) 81687,CUSTOMER,VISA,1,John,Ap #386-1901 Ac Rd.,Warszawa,Bermuda
2015-09-13 04:00,Herrod Brooks,magna.malesuada.vel@Aenean.com,0845 46 42,CUSTOMER,AMEX,0,Darryl,Ap #376-707 Sit Road,Stockholm,Sint Maarten
2015-11-06 01:05,Caldwell Terry,cursus.et@lectusCum.net,(016977) 3943,ADMINISTRATOR,MASTERCARD,0,Alice,239-7899 Mauris. St.,San Jose,Niger
2016-01-14 03:56,Castor Sheppard,dui.semper.et@loremfringilla.co.uk,0800 1111,CUSTOMER,AMEX,1,Mufutau,P.O. Box 780  2471 Curae; Street,Champlain,Germany
2015-07-11 04:20,Steel Murphy,posuere.at@odioPhasellus.org,056 5692 4641,ADMINISTRATOR,MASTERCARD,1,Cassady,6031 Phasellus Road,Melrose,Thailand
2015-11-21 08:41,Andrew Christian,elit.Curabitur@NulladignissimMaecenas.org,07684 544409,CUSTOMER,AMEX,0,Melyssa,3319 Eu Rd.,Badalona,Azerbaijan
2016-01-03 20:18,Ross Rocha,augue.ut@etrisusQuisque.edu,055 3864 2395,CUSTOMER,AMEX,0,Hadley,600-9602 Justo Road,Baton Rouge,Bosnia and Herzegovina
2015-10-01 06:59,Myles Morgan,Duis.gravida.Praesent@semegestasblandit.org,070 0703 8183,CUSTOMER,MASTERCARD,1,Cassidy,Ap #590-4420 Lectus Road,Retiro,Nicaragua
2015-10-11 04:14,Hunter Donovan,Sed.et.libero@lobortisClass.co.uk,0800 021120,CUSTOMER,MASTERCARD,0,Audrey,344-2300 Et Avenue,Divin¢polis,Tajikistan
2015-11-25 19:34,Tyler Howe,non@euismodin.org,0814 544 2568,CUSTOMER,AMEX,1,Miranda,P.O. Box 312  8899 Blandit. Road,Harelbeke,Sierra Leone
2015-08-08 00:10,Cooper Savage,egestas.Aliquam.fringilla@rutrumjustoPraesent.edu,(016977) 1018,CUSTOMER,MASTERCARD,1,Timon,Ap #997-1524 Eu St.,Warri,Georgia
2015-10-26 15:10,Emerson Gay,non.leo.Vivamus@nulla.ca,0800 1111,CUSTOMER,AMEX,1,Margaret,P.O. Box 906  2776 Magna. St.,Amstelveen,Belize
2015-09-17 04:34,Cairo Mcfarland,Donec@euismodurnaNullam.net,0335 143 9474,CUSTOMER,AMEX,1,Benjamin,501-7848 Nunc St.,Compiano,Georgia
2015-08-13 03:26,Colin Henderson,vitae@velpedeblandit.org,0871 129 9650,CUSTOMER,AMEX,0,Kim,547-1615 Tempor Street,Saint-Maur-des-FossÇs,Puerto Rico
2015-09-10 19:28,Kenyon Berry,mollis.Phasellus@nislQuisquefringilla.edu,070 9585 7785,ADMINISTRATOR,VISA,1,Ciaran,9301 In Ave,Georgia,Norfolk Island
2016-01-13 06:33,Yasir Rowe,risus@blanditenimconsequat.edu,(0117) 260 4792,CUSTOMER,AMEX,1,Willow,1955 Aliquet  Road,Murcia,Congo  the Democratic Republic of the
2016-01-25 01:29,Marsden Pennington,nibh@Donecegestas.edu,0800 214 1467,CUSTOMER,MASTERCARD,0,Thor,Ap #415-7798 Mauris Rd.,Istanbul,Guernsey
2015-07-06 08:59,Todd Mccarthy,Mauris@variusorci.co.uk,(016977) 8961,CUSTOMER,AMEX,0,Bruce,3730 Amet  Ave,BÅnyan,United States Minor Outlying Islands
2015-12-30 02:48,Connor Blair,senectus.et@augue.com,(01967) 77990,CUSTOMER,VISA,0,Davis,P.O. Box 784  6751 Eu  Ave,Campinas,Malawi
2016-02-14 20:46,Castor Merrill,scelerisque.neque.Nullam@Vivamus.edu,076 3914 9366,CUSTOMER,VISA,1,Elizabeth,142 Eget Avenue,Goderich,Cocos (Keeling) Islands
2015-09-09 08:45,Nero Kline,Nam@ligula.org,(027) 0196 4129,CUSTOMER,AMEX,1,Xander,Ap #501-9218 In St.,Vallentuna,Maldives
2015-09-30 21:05,Cody Mcconnell,cursus@odioa.co.uk,0904 215 1368,CUSTOMER,MASTERCARD,0,Demetria,Ap #119-6996 Dignissim Ave,Bydgoszcz,Nepal
2016-01-14 13:12,Ferdinand Carney,hymenaeos.Mauris.ut@placerateget.com,0500 475520,CUSTOMER,MASTERCARD,0,Amanda,P.O. Box 116  9057 Parturient Avenue,Zaltbommel,New Caledonia
2015-10-23 06:55,Harper Baker,ultrices@egestasligulaNullam.edu,0962 838 9548,CUSTOMER,MASTERCARD,1,Octavia,785 Euismod Ave,Lerum,Yemen
2016-02-19 12:17,Uriel Maldonado,in@sed.org,(016977) 2414,CUSTOMER,VISA,0,Grady,Ap #338-9021 Tincidunt Street,Murray Bridge,Virgin Islands  United States
2015-09-17 09:46,Berk Berry,pharetra.Quisque.ac@eumetus.ca,0870 248 5639,CUSTOMER,VISA,1,Angela,451-9566 Interdum. Av.,Vienna,Belize
2015-07-02 00:54,Calvin Mosley,in@Donecnon.edu,07197 543483,CUSTOMER,AMEX,0,Theodore,P.O. Box 185  5592 Eu  Av.,Cartagena,Congo  the Democratic Republic of the
2015-11-26 23:56,Gareth Nicholson,montes.nascetur.ridiculus@Aeneaneget.ca,0845 46 40,CUSTOMER,VISA,1,Eden,Ap #553-2811 Lacus. Road,Lerum,Jamaica
2015-12-17 15:56,Callum Castaneda,euismod.urna@at.net,07624 726288,CUSTOMER,MASTERCARD,0,Avram,P.O. Box 637  3516 Felis. Av.,Hartford,Aruba
2015-11-16 11:24,Russell Silva,elit.pellentesque.a@lorem.ca,07624 959934,CUSTOMER,VISA,0,Darius,P.O. Box 464  4322 Fusce Street,Belford Roxo,Congo  the Democratic Republic of the
2015-08-23 03:26,Cole Crosby,non.egestas@nectempus.edu,(022) 0355 5552,CUSTOMER,VISA,0,Ursula,P.O. Box 981  3533 Est Av.,Lagos,Bermuda
2015-12-11 18:01,Harrison Medina,Vivamus.nisi@tempor.net,0800 940 7996,CUSTOMER,AMEX,0,Macaulay,Ap #832-4660 Egestas. Ave,Tamworth,Reunion
2015-12-18 12:51,Lewis Mclean,massa.non.ante@Phasellusinfelis.edu,0886 553 4775,ADMINISTRATOR,MASTERCARD,1,Ashely,P.O. Box 885  3353 Quisque Road,Belfast,Rwanda
2015-09-06 12:29,Rajah Grimes,ac.mattis@etmalesuadafames.ca,0845 46 41,CUSTOMER,MASTERCARD,1,Brittany,P.O. Box 292  7395 Dictum. Ave,Alphen aan den Rijn,Paraguay
