title,stock_level,image,price,manufacturer_id,item_category_id,,,,
Murray,56,http://dummyimage.com/245x165.jpg/5fa2dd/ffffff,97.14,18,7,,,,
Robertson,72,http://dummyimage.com/213x209.jpg/5fa2dd/ffffff,99.55,20,3,,,,
Hughes,67,http://dummyimage.com/133x133.jpg/dddddd/000000,80.64,14,4,,,,
Armstrong,36,http://dummyimage.com/114x115.jpg/cc0000/ffffff,65.25,1,8,,,,
Lynch,47,http://dummyimage.com/154x246.jpg/cc0000/ffffff,66.4,5,15,,,,
Richards,16,http://dummyimage.com/163x173.jpg/ff4444/ffffff,79.38,2,15,,,,
Price,99,http://dummyimage.com/213x232.jpg/dddddd/000000,29.72,7,10,,,,
Parker,56,http://dummyimage.com/218x126.jpg/ff4444/ffffff,50.34,5,12,,,,
Spencer,84,http://dummyimage.com/171x147.jpg/ff4444/ffffff,19.28,12,6,,,,
Fernandez,1,http://dummyimage.com/239x217.jpg/cc0000/ffffff,16.71,7,18,,,,
Morris,59,http://dummyimage.com/166x124.jpg/5fa2dd/ffffff,42.96,13,8,,,,
Gonzales,2,http://dummyimage.com/209x107.jpg/5fa2dd/ffffff,21.2,6,1,,,,
Murray,73,http://dummyimage.com/166x209.jpg/ff4444/ffffff,48.09,19,6,,,,
Lane,32,http://dummyimage.com/227x205.jpg/dddddd/000000,46.94,18,2,,,,
Barnes,15,http://dummyimage.com/142x207.jpg/cc0000/ffffff,86.59,12,9,,,,
Castillo,41,http://dummyimage.com/137x216.jpg/5fa2dd/ffffff,93.11,19,18,,,,
Hart,83,http://dummyimage.com/144x179.jpg/5fa2dd/ffffff,76.71,4,6,,,,
Peterson,73,http://dummyimage.com/105x138.jpg/ff4444/ffffff,13.83,13,16,,,,
Torres,36,http://dummyimage.com/172x102.jpg/ff4444/ffffff,28.73,2,9,,,,
Gordon,79,http://dummyimage.com/109x199.jpg/cc0000/ffffff,76.52,20,14,,,,
Sullivan,37,http://dummyimage.com/236x228.jpg/5fa2dd/ffffff,63.56,12,1,,,,
Lopez,93,http://dummyimage.com/240x250.jpg/cc0000/ffffff,35,18,19,,,,
Howell,23,http://dummyimage.com/164x131.jpg/cc0000/ffffff,88.77,18,15,,,,
Patterson,37,http://dummyimage.com/247x162.jpg/cc0000/ffffff,65.15,16,18,,,,
Hawkins,100,http://dummyimage.com/116x165.jpg/cc0000/ffffff,66.41,17,12,,,,
Mccoy,81,http://dummyimage.com/103x134.jpg/cc0000/ffffff,25.68,16,5,,,,
Sullivan,85,http://dummyimage.com/136x177.jpg/ff4444/ffffff,63.72,12,12,,,,
Jackson,46,http://dummyimage.com/156x128.jpg/cc0000/ffffff,75.96,17,16,,,,
Richards,23,http://dummyimage.com/111x220.jpg/5fa2dd/ffffff,42.04,12,1,,,,
Howell,74,http://dummyimage.com/145x154.jpg/dddddd/000000,28.62,9,16,,,,
Robertson,87,http://dummyimage.com/147x174.jpg/dddddd/000000,49.83,7,3,,,,
Williams,67,http://dummyimage.com/164x150.jpg/dddddd/000000,88.46,3,7,,,,
Carter,6,http://dummyimage.com/173x208.jpg/5fa2dd/ffffff,89.3,1,8,,,,
Webb,20,http://dummyimage.com/233x179.jpg/cc0000/ffffff,61.85,6,16,,,,
Garrett,21,http://dummyimage.com/122x231.jpg/cc0000/ffffff,81.34,18,7,,,,
Hernandez,65,http://dummyimage.com/149x107.jpg/dddddd/000000,49.52,15,8,,,,
Cooper,98,http://dummyimage.com/211x244.jpg/ff4444/ffffff,65.26,17,13,,,,
King,74,http://dummyimage.com/113x119.jpg/dddddd/000000,80.97,5,15,,,,
Ellis,65,http://dummyimage.com/204x238.jpg/ff4444/ffffff,90.39,6,4,,,,
Holmes,49,http://dummyimage.com/102x211.jpg/cc0000/ffffff,88.09,13,16,,,,
Elliott,37,http://dummyimage.com/123x227.jpg/ff4444/ffffff,31.41,9,9,,,,
Mccoy,42,http://dummyimage.com/227x171.jpg/cc0000/ffffff,36.04,2,10,,,,
Peterson,95,http://dummyimage.com/134x134.jpg/ff4444/ffffff,42.32,6,5,,,,
Webb,20,http://dummyimage.com/199x139.jpg/ff4444/ffffff,78.18,11,17,,,,
Parker,6,http://dummyimage.com/196x163.jpg/cc0000/ffffff,51.15,10,17,,,,
Torres,35,http://dummyimage.com/248x207.jpg/ff4444/ffffff,65.86,3,12,,,,
Peters,19,http://dummyimage.com/235x107.jpg/ff4444/ffffff,64.99,10,4,,,,
Jacobs,62,http://dummyimage.com/160x209.jpg/dddddd/000000,25.1,7,14,,,,
Carroll,17,http://dummyimage.com/220x219.jpg/cc0000/ffffff,89.11,18,4,,,,
Dean,51,http://dummyimage.com/177x233.jpg/cc0000/ffffff,19.37,12,10,,,,
Hamilton,58,http://dummyimage.com/214x115.jpg/dddddd/000000,44.79,20,16,,,,
Gutierrez,99,http://dummyimage.com/127x115.jpg/cc0000/ffffff,11.52,11,16,,,,
Thomas,61,http://dummyimage.com/211x173.jpg/cc0000/ffffff,14.53,13,11,,,,
Nguyen,42,http://dummyimage.com/114x240.jpg/ff4444/ffffff,45.63,20,5,,,,
Chavez,61,http://dummyimage.com/160x101.jpg/cc0000/ffffff,92.99,3,11,,,,
Wells,80,http://dummyimage.com/154x220.jpg/dddddd/000000,29.21,18,8,,,,
Mccoy,55,http://dummyimage.com/236x190.jpg/ff4444/ffffff,41.97,3,10,,,,
Riley,65,http://dummyimage.com/160x223.jpg/5fa2dd/ffffff,13.69,18,3,,,,
Richardson,64,http://dummyimage.com/234x195.jpg/ff4444/ffffff,83.44,4,1,,,,
Perez,93,http://dummyimage.com/236x101.jpg/5fa2dd/ffffff,65.6,10,13,,,,
Perez,9,http://dummyimage.com/147x216.jpg/ff4444/ffffff,39.14,10,8,,,,
Montgomery,81,http://dummyimage.com/190x193.jpg/cc0000/ffffff,55.59,15,11,,,,
Mcdonald,74,http://dummyimage.com/169x155.jpg/ff4444/ffffff,77.36,18,10,,,,
Webb,84,http://dummyimage.com/121x138.jpg/cc0000/ffffff,14.98,7,8,,,,
Bailey,19,http://dummyimage.com/208x164.jpg/cc0000/ffffff,80.58,2,17,,,,
Ferguson,39,http://dummyimage.com/181x199.jpg/ff4444/ffffff,30.29,20,19,,,,
Cox,41,http://dummyimage.com/148x170.jpg/dddddd/000000,18.05,6,9,,,,
Ramirez,57,http://dummyimage.com/228x112.jpg/dddddd/000000,96.1,14,7,,,,
Morrison,38,http://dummyimage.com/165x193.jpg/dddddd/000000,54.26,3,13,,,,
Morris,29,http://dummyimage.com/182x170.jpg/dddddd/000000,71.26,5,1,,,,
Ross,46,http://dummyimage.com/103x222.jpg/cc0000/ffffff,95.89,5,16,,,,
Murphy,89,http://dummyimage.com/194x207.jpg/5fa2dd/ffffff,21.04,16,19,,,,
Richardson,86,http://dummyimage.com/175x200.jpg/5fa2dd/ffffff,57.57,16,19,,,,
Dean,81,http://dummyimage.com/221x245.jpg/5fa2dd/ffffff,31.5,11,15,,,,
Hunt,57,http://dummyimage.com/146x177.jpg/dddddd/000000,32.02,20,13,,,,
Franklin,29,http://dummyimage.com/115x246.jpg/cc0000/ffffff,14.56,9,15,,,,
Mason,13,http://dummyimage.com/221x213.jpg/5fa2dd/ffffff,56.75,12,12,,,,
Jackson,56,http://dummyimage.com/248x114.jpg/ff4444/ffffff,80.97,17,2,,,,
Robertson,78,http://dummyimage.com/233x173.jpg/dddddd/000000,47.01,13,15,,,,
Butler,70,http://dummyimage.com/192x132.jpg/ff4444/ffffff,22.9,6,18,,,,
Martinez,3,http://dummyimage.com/243x218.jpg/cc0000/ffffff,97.83,15,13,,,,
Price,4,http://dummyimage.com/179x130.jpg/5fa2dd/ffffff,10.77,8,6,,,,
Black,97,http://dummyimage.com/202x157.jpg/5fa2dd/ffffff,46.92,1,19,,,,
Lane,15,http://dummyimage.com/130x240.jpg/cc0000/ffffff,60.28,4,15,,,,
Daniels,37,http://dummyimage.com/106x248.jpg/5fa2dd/ffffff,50.31,11,11,,,,
Austin,6,http://dummyimage.com/164x148.jpg/cc0000/ffffff,95.33,18,6,,,,
Fisher,83,http://dummyimage.com/185x145.jpg/ff4444/ffffff,78.79,12,11,,,,
Rodriguez,57,http://dummyimage.com/175x121.jpg/dddddd/000000,33.04,10,17,,,,
Williams,12,http://dummyimage.com/155x176.jpg/ff4444/ffffff,64.05,6,17,,,,
Mccoy,36,http://dummyimage.com/151x149.jpg/5fa2dd/ffffff,16.44,17,9,,,,
Burton,92,http://dummyimage.com/235x102.jpg/dddddd/000000,20.08,15,12,,,,
Ward,71,http://dummyimage.com/222x239.jpg/5fa2dd/ffffff,56.87,13,15,,,,
Arnold,40,http://dummyimage.com/198x166.jpg/5fa2dd/ffffff,63.45,7,17,,,,
King,85,http://dummyimage.com/244x193.jpg/ff4444/ffffff,72.25,3,18,,,,
James,50,http://dummyimage.com/220x215.jpg/dddddd/000000,39.61,5,9,,,,
Price,89,http://dummyimage.com/188x244.jpg/cc0000/ffffff,12.48,10,15,,,,
Peterson,40,http://dummyimage.com/161x210.jpg/dddddd/000000,54.66,9,11,,,,
Lewis,99,http://dummyimage.com/178x192.jpg/cc0000/ffffff,45.41,8,14,,,,
Bradley,36,http://dummyimage.com/214x150.jpg/dddddd/000000,74.55,11,9,,,,
Marshall,69,http://dummyimage.com/243x122.jpg/dddddd/000000,86.48,12,17,,,,
Fields,18,http://dummyimage.com/244x231.jpg/cc0000/ffffff,21.68,6,9,,,,
Gonzales,79,http://dummyimage.com/160x203.jpg/5fa2dd/ffffff,50.97,3,7,,,,
Morales,83,http://dummyimage.com/211x158.jpg/ff4444/ffffff,66.58,8,16,,,,
Tucker,4,http://dummyimage.com/127x129.jpg/5fa2dd/ffffff,22.07,14,17,,,,
Gardner,27,http://dummyimage.com/225x145.jpg/ff4444/ffffff,68.54,15,6,,,,
Wagner,63,http://dummyimage.com/168x227.jpg/cc0000/ffffff,69.66,18,19,,,,
Riley,17,http://dummyimage.com/130x171.jpg/cc0000/ffffff,11.65,17,14,,,,
Kelley,68,http://dummyimage.com/226x238.jpg/ff4444/ffffff,34.43,7,14,,,,
Ramos,67,http://dummyimage.com/180x142.jpg/dddddd/000000,34.7,8,2,,,,
Ramirez,28,http://dummyimage.com/191x241.jpg/5fa2dd/ffffff,53.43,11,19,,,,
Cooper,98,http://dummyimage.com/180x224.jpg/ff4444/ffffff,54.78,16,1,,,,
Fernandez,17,http://dummyimage.com/143x143.jpg/dddddd/000000,42.63,11,7,,,,
Ward,100,http://dummyimage.com/134x196.jpg/dddddd/000000,53.66,15,5,,,,
Ortiz,68,http://dummyimage.com/230x144.jpg/dddddd/000000,35.17,12,14,,,,
Simmons,85,http://dummyimage.com/241x159.jpg/dddddd/000000,57.32,15,3,,,,
Stevens,69,http://dummyimage.com/149x198.jpg/cc0000/ffffff,89.85,4,19,,,,
Ross,2,http://dummyimage.com/238x177.jpg/dddddd/000000,12.25,6,5,,,,
Howell,35,http://dummyimage.com/114x191.jpg/dddddd/000000,91.9,18,18,,,,
Howell,1,http://dummyimage.com/164x157.jpg/5fa2dd/ffffff,62.47,13,12,,,,
Thompson,27,http://dummyimage.com/134x227.jpg/dddddd/000000,68.57,15,17,,,,
Gilbert,69,http://dummyimage.com/197x157.jpg/cc0000/ffffff,51.23,3,7,,,,
Williams,3,http://dummyimage.com/129x121.jpg/dddddd/000000,51.3,19,1,,,,
Carter,99,http://dummyimage.com/158x227.jpg/dddddd/000000,32.7,19,1,,,,
Chavez,30,http://dummyimage.com/123x143.jpg/cc0000/ffffff,51.46,11,5,,,,
Wallace,4,http://dummyimage.com/101x239.jpg/dddddd/000000,15.08,7,12,,,,
Green,55,http://dummyimage.com/167x248.jpg/cc0000/ffffff,36.85,6,2,,,,
Hanson,81,http://dummyimage.com/215x216.jpg/5fa2dd/ffffff,91.99,16,1,,,,
Bishop,59,http://dummyimage.com/113x169.jpg/5fa2dd/ffffff,73.42,7,5,,,,
Rodriguez,85,http://dummyimage.com/185x247.jpg/cc0000/ffffff,64,19,15,,,,
Sanchez,63,http://dummyimage.com/105x224.jpg/cc0000/ffffff,93.13,8,4,,,,
Grant,63,http://dummyimage.com/103x213.jpg/ff4444/ffffff,58.21,12,17,,,,
Thomas,7,http://dummyimage.com/237x246.jpg/5fa2dd/ffffff,99.1,3,13,,,,
Cook,100,http://dummyimage.com/100x215.jpg/ff4444/ffffff,56.05,2,1,,,,
Crawford,39,http://dummyimage.com/248x165.jpg/dddddd/000000,24.35,8,1,,,,
Payne,24,http://dummyimage.com/233x105.jpg/dddddd/000000,42.14,10,7,,,,
Williamson,92,http://dummyimage.com/128x169.jpg/5fa2dd/ffffff,80.54,18,9,,,,
Franklin,40,http://dummyimage.com/129x104.jpg/cc0000/ffffff,69.05,16,9,,,,
Phillips,74,http://dummyimage.com/244x242.jpg/5fa2dd/ffffff,26.14,2,7,,,,
Grant,79,http://dummyimage.com/226x151.jpg/cc0000/ffffff,66.98,13,14,,,,
Pierce,38,http://dummyimage.com/128x242.jpg/cc0000/ffffff,96.14,19,16,,,,
Kim,49,http://dummyimage.com/143x246.jpg/ff4444/ffffff,69.37,11,5,,,,
Snyder,64,http://dummyimage.com/105x192.jpg/ff4444/ffffff,71.44,1,2,,,,
Ford,93,http://dummyimage.com/122x156.jpg/cc0000/ffffff,11.93,12,14,,,,
Phillips,53,http://dummyimage.com/122x110.jpg/dddddd/000000,35.54,12,16,,,,
Taylor,53,http://dummyimage.com/140x123.jpg/ff4444/ffffff,63.32,13,1,,,,
Cole,61,http://dummyimage.com/175x115.jpg/cc0000/ffffff,88.43,3,9,,,,
Simmons,57,http://dummyimage.com/131x162.jpg/ff4444/ffffff,36.76,3,2,,,,
Snyder,78,http://dummyimage.com/119x201.jpg/cc0000/ffffff,10.24,7,8,,,,
Cook,2,http://dummyimage.com/218x168.jpg/dddddd/000000,57.63,3,12,,,,
Bell,32,http://dummyimage.com/112x157.jpg/dddddd/000000,14.9,8,13,,,,
Gomez,68,http://dummyimage.com/241x208.jpg/5fa2dd/ffffff,69.66,5,4,,,,
Wilson,26,http://dummyimage.com/147x250.jpg/cc0000/ffffff,33.46,15,15,,,,
Lee,89,http://dummyimage.com/210x175.jpg/ff4444/ffffff,27.9,18,4,,,,
Patterson,91,http://dummyimage.com/187x189.jpg/ff4444/ffffff,10.56,7,15,,,,
Henry,33,http://dummyimage.com/111x169.jpg/ff4444/ffffff,55.85,9,13,,,,
Bradley,38,http://dummyimage.com/215x230.jpg/5fa2dd/ffffff,24.53,16,8,,,,
Simmons,79,http://dummyimage.com/179x194.jpg/ff4444/ffffff,20.12,20,9,,,,
Griffin,94,http://dummyimage.com/243x230.jpg/cc0000/ffffff,90.14,6,9,,,,
Harrison,31,http://dummyimage.com/163x241.jpg/dddddd/000000,76.7,11,7,,,,
Crawford,51,http://dummyimage.com/155x206.jpg/dddddd/000000,66.85,19,17,,,,
Carroll,64,http://dummyimage.com/164x197.jpg/ff4444/ffffff,48.14,6,1,,,,
Kennedy,15,http://dummyimage.com/143x193.jpg/dddddd/000000,24.74,1,7,,,,
Parker,41,http://dummyimage.com/228x191.jpg/5fa2dd/ffffff,49.67,8,6,,,,
Perry,72,http://dummyimage.com/199x250.jpg/5fa2dd/ffffff,43.06,11,16,,,,
Henry,67,http://dummyimage.com/182x155.jpg/dddddd/000000,83.09,9,18,,,,
Fields,8,http://dummyimage.com/104x166.jpg/5fa2dd/ffffff,21.88,17,11,,,,
Griffin,31,http://dummyimage.com/104x220.jpg/5fa2dd/ffffff,45.86,15,10,,,,
Thompson,77,http://dummyimage.com/159x220.jpg/ff4444/ffffff,54.25,1,14,,,,
Gordon,55,http://dummyimage.com/171x114.jpg/cc0000/ffffff,16.92,17,8,,,,
Ortiz,16,http://dummyimage.com/166x225.jpg/ff4444/ffffff,44.12,6,9,,,,
Simpson,11,http://dummyimage.com/250x246.jpg/ff4444/ffffff,98.72,14,13,,,,
Stephens,12,http://dummyimage.com/142x138.jpg/cc0000/ffffff,24.07,1,6,,,,
Woods,18,http://dummyimage.com/237x235.jpg/dddddd/000000,41.93,4,13,,,,
Stevens,75,http://dummyimage.com/120x169.jpg/ff4444/ffffff,56.2,15,1,,,,
Ford,73,http://dummyimage.com/135x206.jpg/ff4444/ffffff,42.98,19,17,,,,
Reed,68,http://dummyimage.com/146x124.jpg/5fa2dd/ffffff,35.07,20,13,,,,
Elliott,60,http://dummyimage.com/134x245.jpg/dddddd/000000,90.2,1,6,,,,
Williamson,35,http://dummyimage.com/165x119.jpg/ff4444/ffffff,72.88,15,10,,,,
Morales,56,http://dummyimage.com/102x105.jpg/ff4444/ffffff,69.88,13,1,,,,
Hicks,67,http://dummyimage.com/156x102.jpg/cc0000/ffffff,98,14,3,,,,
Bryant,5,http://dummyimage.com/109x115.jpg/dddddd/000000,30.59,11,8,,,,
Wagner,92,http://dummyimage.com/219x140.jpg/dddddd/000000,78.09,13,1,,,,
Thomas,50,http://dummyimage.com/121x143.jpg/dddddd/000000,19.92,14,3,,,,
Gilbert,80,http://dummyimage.com/112x247.jpg/cc0000/ffffff,16.39,11,18,,,,
Mccoy,97,http://dummyimage.com/185x127.jpg/cc0000/ffffff,64.56,20,14,,,,
Ramos,11,http://dummyimage.com/179x239.jpg/cc0000/ffffff,84.88,11,8,,,,
Arnold,1,http://dummyimage.com/149x143.jpg/cc0000/ffffff,29.58,7,17,,,,
Ellis,74,http://dummyimage.com/181x159.jpg/ff4444/ffffff,66.97,18,6,,,,
Palmer,19,http://dummyimage.com/179x239.jpg/dddddd/000000,73.1,9,15,,,,
Richards,70,http://dummyimage.com/109x221.jpg/cc0000/ffffff,79.9,14,1,,,,
Carter,5,http://dummyimage.com/204x243.jpg/dddddd/000000,30.89,18,10,,,,
Garcia,40,http://dummyimage.com/182x206.jpg/dddddd/000000,92.44,20,9,,,,
Richardson,17,http://dummyimage.com/237x135.jpg/cc0000/ffffff,25.14,17,17,,,,
Hill,84,http://dummyimage.com/112x175.jpg/cc0000/ffffff,95.36,14,9,,,,
Evans,73,http://dummyimage.com/148x113.jpg/ff4444/ffffff,80.96,20,13,,,,
Castillo,11,http://dummyimage.com/137x162.jpg/cc0000/ffffff,12.35,15,15,,,,
Clark,50,http://dummyimage.com/102x189.jpg/cc0000/ffffff,80.16,3,2,,,,
Coleman,72,http://dummyimage.com/192x218.jpg/dddddd/000000,67.73,7,19,,,,
Owens,76,http://dummyimage.com/182x179.jpg/5fa2dd/ffffff,77.24,11,19,,,,
Johnston,6,http://dummyimage.com/226x118.jpg/5fa2dd/ffffff,29.63,1,8,,,,
Chapman,41,http://dummyimage.com/151x237.jpg/5fa2dd/ffffff,86.88,1,14,,,,
Brooks,66,http://dummyimage.com/216x168.jpg/ff4444/ffffff,54.83,14,1,,,,
Rogers,4,http://dummyimage.com/241x108.jpg/ff4444/ffffff,30.52,12,2,,,,
Dean,47,http://dummyimage.com/102x183.jpg/cc0000/ffffff,94.97,6,11,,,,
Castillo,73,http://dummyimage.com/186x141.jpg/dddddd/000000,31.37,5,2,,,,
Taylor,54,http://dummyimage.com/179x109.jpg/dddddd/000000,17.11,9,6,,,,
Hicks,30,http://dummyimage.com/117x144.jpg/cc0000/ffffff,56.75,19,9,,,,
Graham,22,http://dummyimage.com/122x203.jpg/5fa2dd/ffffff,88.9,10,2,,,,
Russell,71,http://dummyimage.com/140x181.jpg/cc0000/ffffff,35.87,15,13,,,,
Baker,46,http://dummyimage.com/184x153.jpg/dddddd/000000,39.71,6,11,,,,
Taylor,84,http://dummyimage.com/214x121.jpg/ff4444/ffffff,18.98,5,19,,,,
Payne,25,http://dummyimage.com/145x123.jpg/cc0000/ffffff,81.62,6,9,,,,
Marshall,67,http://dummyimage.com/106x248.jpg/cc0000/ffffff,11.45,20,1,,,,
Watson,23,http://dummyimage.com/207x182.jpg/ff4444/ffffff,86.65,4,9,,,,
Cunningham,85,http://dummyimage.com/185x211.jpg/ff4444/ffffff,74.75,6,16,,,,
Thompson,34,http://dummyimage.com/105x205.jpg/ff4444/ffffff,11.72,5,8,,,,
Evans,71,http://dummyimage.com/138x212.jpg/dddddd/000000,82.33,4,3,,,,
Holmes,88,http://dummyimage.com/116x208.jpg/dddddd/000000,68.48,6,6,,,,
Kelly,77,http://dummyimage.com/105x198.jpg/dddddd/000000,26.4,10,2,,,,
Shaw,84,http://dummyimage.com/200x168.jpg/ff4444/ffffff,83.27,17,16,,,,
Watson,99,http://dummyimage.com/231x188.jpg/5fa2dd/ffffff,10.17,13,11,,,,
Simmons,38,http://dummyimage.com/204x233.jpg/5fa2dd/ffffff,87.65,9,12,,,,
Wagner,70,http://dummyimage.com/165x129.jpg/cc0000/ffffff,14.84,3,13,,,,
Jones,9,http://dummyimage.com/247x210.jpg/dddddd/000000,55.39,7,13,,,,
Spencer,54,http://dummyimage.com/223x132.jpg/ff4444/ffffff,94.33,7,17,,,,
Ward,4,http://dummyimage.com/112x218.jpg/5fa2dd/ffffff,19.26,18,1,,,,
Crawford,57,http://dummyimage.com/141x106.jpg/dddddd/000000,42.35,5,1,,,,
Cook,88,http://dummyimage.com/143x186.jpg/dddddd/000000,71.08,6,8,,,,
Weaver,21,http://dummyimage.com/150x159.jpg/5fa2dd/ffffff,34.65,5,13,,,,
Clark,65,http://dummyimage.com/181x139.jpg/dddddd/000000,93.06,19,19,,,,
Frazier,50,http://dummyimage.com/129x201.jpg/5fa2dd/ffffff,75.6,2,4,,,,
Fowler,98,http://dummyimage.com/192x145.jpg/dddddd/000000,58.76,15,12,,,,
Bennett,54,http://dummyimage.com/143x148.jpg/ff4444/ffffff,71.28,14,12,,,,
Henry,2,http://dummyimage.com/228x220.jpg/dddddd/000000,31.21,18,18,,,,
Bailey,48,http://dummyimage.com/208x165.jpg/5fa2dd/ffffff,35.76,17,17,,,,
Baker,31,http://dummyimage.com/163x158.jpg/ff4444/ffffff,43.01,18,7,,,,
Andrews,14,http://dummyimage.com/100x172.jpg/ff4444/ffffff,83.28,3,17,,,,
Murphy,2,http://dummyimage.com/114x220.jpg/5fa2dd/ffffff,61.22,16,19,,,,
Adams,2,http://dummyimage.com/232x123.jpg/dddddd/000000,75.67,9,2,,,,
Stephens,40,http://dummyimage.com/242x161.jpg/cc0000/ffffff,51.01,12,1,,,,
Snyder,15,http://dummyimage.com/153x238.jpg/ff4444/ffffff,96.75,12,9,,,,
Walker,75,http://dummyimage.com/231x244.jpg/5fa2dd/ffffff,33.48,11,7,,,,
Howard,39,http://dummyimage.com/114x200.jpg/5fa2dd/ffffff,11.25,12,16,,,,
Mills,29,http://dummyimage.com/174x106.jpg/5fa2dd/ffffff,37.46,1,8,,,,
Washington,13,http://dummyimage.com/142x236.jpg/cc0000/ffffff,79.81,14,18,,,,
Stephens,54,http://dummyimage.com/217x133.jpg/dddddd/000000,85.86,2,4,,,,
Watson,64,http://dummyimage.com/227x217.jpg/5fa2dd/ffffff,19.24,3,15,,,,
Wagner,99,http://dummyimage.com/118x218.jpg/dddddd/000000,31.12,9,16,,,,
Green,92,http://dummyimage.com/180x182.jpg/ff4444/ffffff,95.26,4,19,,,,
Roberts,15,http://dummyimage.com/177x170.jpg/cc0000/ffffff,40.31,19,8,,,,
Richardson,4,http://dummyimage.com/172x236.jpg/ff4444/ffffff,21.17,5,6,,,,
Morales,94,http://dummyimage.com/241x117.jpg/cc0000/ffffff,90.57,14,15,,,,
Meyer,42,http://dummyimage.com/183x111.jpg/5fa2dd/ffffff,21.65,18,5,,,,
Howard,96,http://dummyimage.com/172x115.jpg/cc0000/ffffff,52.81,17,15,,,,
Austin,40,http://dummyimage.com/220x146.jpg/cc0000/ffffff,32.75,16,11,,,,
Hughes,12,http://dummyimage.com/142x178.jpg/5fa2dd/ffffff,75.25,2,6,,,,
Foster,44,http://dummyimage.com/232x152.jpg/dddddd/000000,49.95,4,17,,,,
Wilson,44,http://dummyimage.com/183x217.jpg/5fa2dd/ffffff,62.28,4,9,,,,
Rice,22,http://dummyimage.com/223x151.jpg/ff4444/ffffff,66.17,18,14,,,,
Allen,69,http://dummyimage.com/142x205.jpg/dddddd/000000,57.9,10,2,,,,
Kelley,10,http://dummyimage.com/210x181.jpg/cc0000/ffffff,99.43,14,13,,,,
Hanson,31,http://dummyimage.com/191x199.jpg/ff4444/ffffff,73.79,1,12,,,,
Anderson,91,http://dummyimage.com/183x113.jpg/5fa2dd/ffffff,97.68,9,13,,,,
Brooks,56,http://dummyimage.com/145x206.jpg/cc0000/ffffff,41.8,6,5,,,,
Cole,90,http://dummyimage.com/165x140.jpg/ff4444/ffffff,57.7,6,13,,,,
Reid,90,http://dummyimage.com/151x243.jpg/dddddd/000000,62.6,10,9,,,,
Graham,94,http://dummyimage.com/226x196.jpg/5fa2dd/ffffff,70.01,11,6,,,,
Hill,32,http://dummyimage.com/216x241.jpg/cc0000/ffffff,91.07,17,8,,,,
Simpson,56,http://dummyimage.com/138x242.jpg/5fa2dd/ffffff,84.65,18,8,,,,
Fields,47,http://dummyimage.com/170x139.jpg/ff4444/ffffff,87.19,18,10,,,,
Hughes,93,http://dummyimage.com/144x120.jpg/cc0000/ffffff,88.97,2,13,,,,
Greene,46,http://dummyimage.com/168x154.jpg/5fa2dd/ffffff,95.37,16,13,,,,
Sullivan,68,http://dummyimage.com/140x214.jpg/ff4444/ffffff,60.42,7,4,,,,
Wheeler,99,http://dummyimage.com/191x174.jpg/ff4444/ffffff,49.22,6,18,,,,
Medina,58,http://dummyimage.com/189x201.jpg/ff4444/ffffff,47.52,13,2,,,,
Hicks,59,http://dummyimage.com/104x179.jpg/dddddd/000000,12.7,2,15,,,,
Henry,78,http://dummyimage.com/116x238.jpg/dddddd/000000,82.97,18,6,,,,
Collins,39,http://dummyimage.com/152x241.jpg/ff4444/ffffff,78.41,8,7,,,,
Richards,54,http://dummyimage.com/107x187.jpg/dddddd/000000,14.99,18,19,,,,
Tucker,98,http://dummyimage.com/233x148.jpg/5fa2dd/ffffff,97.16,16,12,,,,
Banks,26,http://dummyimage.com/167x104.jpg/dddddd/000000,51.38,15,14,,,,
Frazier,92,http://dummyimage.com/137x232.jpg/dddddd/000000,45.92,20,3,,,,
Dunn,89,http://dummyimage.com/225x157.jpg/5fa2dd/ffffff,65.56,10,9,,,,
Mcdonald,50,http://dummyimage.com/158x231.jpg/5fa2dd/ffffff,24.6,9,15,,,,
Coleman,69,http://dummyimage.com/183x186.jpg/cc0000/ffffff,72.3,15,8,,,,
Andrews,7,http://dummyimage.com/134x105.jpg/dddddd/000000,45.18,17,12,,,,
Henry,25,http://dummyimage.com/143x228.jpg/ff4444/ffffff,11.92,14,16,,,,
Ward,9,http://dummyimage.com/110x230.jpg/5fa2dd/ffffff,14.7,18,18,,,,
Crawford,16,http://dummyimage.com/159x228.jpg/dddddd/000000,53.68,17,11,,,,
Ross,66,http://dummyimage.com/225x211.jpg/ff4444/ffffff,90.08,6,4,,,,
Garrett,39,http://dummyimage.com/231x103.jpg/dddddd/000000,18.74,2,8,,,,
Rice,44,http://dummyimage.com/147x204.jpg/5fa2dd/ffffff,48.42,12,2,,,,
Cole,100,http://dummyimage.com/216x221.jpg/cc0000/ffffff,37.71,9,4,,,,
Kim,80,http://dummyimage.com/175x105.jpg/5fa2dd/ffffff,27.64,6,15,,,,
Ellis,5,http://dummyimage.com/160x104.jpg/dddddd/000000,80.23,15,7,,,,
Chapman,38,http://dummyimage.com/110x196.jpg/5fa2dd/ffffff,91.53,8,14,,,,
Morrison,84,http://dummyimage.com/119x124.jpg/dddddd/000000,81.88,6,17,,,,
Carpenter,55,http://dummyimage.com/194x185.jpg/5fa2dd/ffffff,96.89,20,1,,,,
Williams,54,http://dummyimage.com/130x164.jpg/cc0000/ffffff,83.54,19,15,,,,
Evans,31,http://dummyimage.com/221x160.jpg/ff4444/ffffff,85.4,1,7,,,,
Olson,31,http://dummyimage.com/125x179.jpg/dddddd/000000,32.28,14,7,,,,
Gordon,23,http://dummyimage.com/128x214.jpg/ff4444/ffffff,41.22,4,5,,,,
Warren,81,http://dummyimage.com/191x222.jpg/ff4444/ffffff,99.83,13,1,,,,
Perry,91,http://dummyimage.com/167x241.jpg/ff4444/ffffff,94.95,5,9,,,,
Wood,25,http://dummyimage.com/215x200.jpg/dddddd/000000,16.82,19,9,,,,
Ramirez,99,http://dummyimage.com/249x245.jpg/dddddd/000000,63.51,17,12,,,,
Mccoy,84,http://dummyimage.com/181x224.jpg/dddddd/000000,53.62,7,16,,,,
Day,37,http://dummyimage.com/189x112.jpg/ff4444/ffffff,98.46,10,7,,,,
Howell,27,http://dummyimage.com/125x142.jpg/cc0000/ffffff,77.87,14,7,,,,
King,13,http://dummyimage.com/231x237.jpg/dddddd/000000,39.75,5,5,,,,
Fisher,89,http://dummyimage.com/146x134.jpg/ff4444/ffffff,95.75,13,6,,,,
Jordan,8,http://dummyimage.com/197x176.jpg/cc0000/ffffff,59.08,16,4,,,,
Reed,45,http://dummyimage.com/171x235.jpg/ff4444/ffffff,87.55,17,12,,,,
Fuller,27,http://dummyimage.com/229x211.jpg/ff4444/ffffff,17.48,15,15,,,,
Anderson,70,http://dummyimage.com/246x196.jpg/5fa2dd/ffffff,26.7,15,12,,,,
Morrison,79,http://dummyimage.com/200x170.jpg/5fa2dd/ffffff,54.85,3,8,,,,
Arnold,16,http://dummyimage.com/174x105.jpg/dddddd/000000,73.59,8,10,,,,
Richards,50,http://dummyimage.com/234x104.jpg/dddddd/000000,81.57,2,19,,,,
Thomas,31,http://dummyimage.com/195x229.jpg/cc0000/ffffff,33.42,16,1,,,,
Cunningham,38,http://dummyimage.com/156x109.jpg/cc0000/ffffff,88.09,8,18,,,,
Davis,94,http://dummyimage.com/112x241.jpg/ff4444/ffffff,67.43,15,11,,,,
Cruz,57,http://dummyimage.com/122x155.jpg/cc0000/ffffff,67.85,12,3,,,,
Armstrong,48,http://dummyimage.com/170x176.jpg/ff4444/ffffff,81.36,16,7,,,,
Torres,76,http://dummyimage.com/125x116.jpg/ff4444/ffffff,74.54,3,3,,,,
Holmes,6,http://dummyimage.com/241x114.jpg/cc0000/ffffff,82.83,17,19,,,,
Roberts,8,http://dummyimage.com/100x192.jpg/cc0000/ffffff,78.25,14,12,,,,
Powell,73,http://dummyimage.com/182x245.jpg/5fa2dd/ffffff,63.63,12,15,,,,
Ellis,51,http://dummyimage.com/171x131.jpg/ff4444/ffffff,15.75,20,15,,,,
Stewart,53,http://dummyimage.com/141x125.jpg/cc0000/ffffff,67.87,11,17,,,,
Fields,69,http://dummyimage.com/236x124.jpg/5fa2dd/ffffff,59.72,8,15,,,,
Ramos,68,http://dummyimage.com/227x154.jpg/dddddd/000000,24.03,4,12,,,,
Fowler,33,http://dummyimage.com/154x117.jpg/dddddd/000000,18.31,5,16,,,,
Duncan,1,http://dummyimage.com/176x208.jpg/dddddd/000000,72.08,19,10,,,,
Franklin,13,http://dummyimage.com/232x225.jpg/ff4444/ffffff,41.37,12,6,,,,
Carter,80,http://dummyimage.com/115x215.jpg/ff4444/ffffff,72.99,17,19,,,,
Little,78,http://dummyimage.com/190x207.jpg/cc0000/ffffff,40.53,20,7,,,,
Reyes,62,http://dummyimage.com/201x189.jpg/5fa2dd/ffffff,16.59,11,4,,,,
Day,23,http://dummyimage.com/129x226.jpg/ff4444/ffffff,68.74,10,12,,,,
Ford,59,http://dummyimage.com/189x182.jpg/ff4444/ffffff,41.57,4,17,,,,
Lynch,37,http://dummyimage.com/207x130.jpg/cc0000/ffffff,92.43,4,14,,,,
Montgomery,5,http://dummyimage.com/147x179.jpg/5fa2dd/ffffff,20.6,6,2,,,,
Russell,78,http://dummyimage.com/178x191.jpg/cc0000/ffffff,19.51,10,11,,,,
Jackson,41,http://dummyimage.com/220x235.jpg/5fa2dd/ffffff,88.5,3,7,,,,
Fuller,47,http://dummyimage.com/149x179.jpg/5fa2dd/ffffff,46.07,1,16,,,,
Ruiz,95,http://dummyimage.com/234x133.jpg/ff4444/ffffff,64.41,16,13,,,,
Morris,27,http://dummyimage.com/112x111.jpg/dddddd/000000,22.06,1,6,,,,
Richardson,67,http://dummyimage.com/238x232.jpg/cc0000/ffffff,65.2,7,17,,,,
Carroll,43,http://dummyimage.com/199x188.jpg/ff4444/ffffff,82.47,5,17,,,,
Reynolds,30,http://dummyimage.com/140x199.jpg/5fa2dd/ffffff,17.92,16,7,,,,
Griffin,26,http://dummyimage.com/128x209.jpg/cc0000/ffffff,52.07,18,6,,,,
Collins,71,http://dummyimage.com/221x189.jpg/cc0000/ffffff,62.6,5,10,,,,
Gonzales,70,http://dummyimage.com/100x139.jpg/5fa2dd/ffffff,83.35,4,5,,,,
Baker,79,http://dummyimage.com/196x134.jpg/cc0000/ffffff,11.26,18,13,,,,
Bennett,33,http://dummyimage.com/187x109.jpg/ff4444/ffffff,78.42,4,18,,,,
Sullivan,29,http://dummyimage.com/103x239.jpg/ff4444/ffffff,65.65,9,11,,,,
Peterson,78,http://dummyimage.com/131x107.jpg/ff4444/ffffff,11.99,12,14,,,,
Harris,14,http://dummyimage.com/141x185.jpg/dddddd/000000,94.81,15,18,,,,
Thomas,24,http://dummyimage.com/106x164.jpg/5fa2dd/ffffff,96.53,2,3,,,,
Williamson,47,http://dummyimage.com/159x123.jpg/cc0000/ffffff,30.38,17,19,,,,
Johnston,8,http://dummyimage.com/155x195.jpg/dddddd/000000,94.22,11,19,,,,
Little,51,http://dummyimage.com/145x194.jpg/dddddd/000000,91.96,14,6,,,,
Gonzales,3,http://dummyimage.com/188x108.jpg/dddddd/000000,85.99,15,1,,,,
Patterson,100,http://dummyimage.com/119x156.jpg/dddddd/000000,14.17,12,10,,,,
Sullivan,38,http://dummyimage.com/133x169.jpg/5fa2dd/ffffff,31.42,8,16,,,,
Sanders,40,http://dummyimage.com/124x232.jpg/ff4444/ffffff,48.73,18,3,,,,
Hayes,40,http://dummyimage.com/179x185.jpg/ff4444/ffffff,36.96,1,17,,,,
Banks,96,http://dummyimage.com/125x185.jpg/dddddd/000000,16.46,18,7,,,,
Holmes,12,http://dummyimage.com/184x220.jpg/5fa2dd/ffffff,35.57,19,6,,,,
Ryan,82,http://dummyimage.com/224x202.jpg/cc0000/ffffff,92.09,11,1,,,,
Kennedy,78,http://dummyimage.com/101x135.jpg/5fa2dd/ffffff,60.25,11,14,,,,
Walker,17,http://dummyimage.com/114x210.jpg/5fa2dd/ffffff,49.87,19,4,,,,
West,97,http://dummyimage.com/115x243.jpg/5fa2dd/ffffff,77.94,14,3,,,,
Martin,81,http://dummyimage.com/105x115.jpg/5fa2dd/ffffff,25.04,17,19,,,,
Hunt,32,http://dummyimage.com/168x249.jpg/5fa2dd/ffffff,22.49,17,12,,,,
Hill,45,http://dummyimage.com/159x104.jpg/dddddd/000000,98.99,19,7,,,,
Fuller,46,http://dummyimage.com/156x236.jpg/dddddd/000000,11.88,4,8,,,,
Berry,67,http://dummyimage.com/222x204.jpg/5fa2dd/ffffff,90.59,16,1,,,,
Taylor,27,http://dummyimage.com/213x226.jpg/dddddd/000000,37.79,18,12,,,,
Fuller,77,http://dummyimage.com/205x180.jpg/cc0000/ffffff,39.73,9,16,,,,
Gray,23,http://dummyimage.com/151x131.jpg/cc0000/ffffff,35.01,15,14,,,,
Moore,37,http://dummyimage.com/235x220.jpg/5fa2dd/ffffff,67.89,10,3,,,,
Morris,94,http://dummyimage.com/105x228.jpg/5fa2dd/ffffff,34.04,4,8,,,,
Mills,11,http://dummyimage.com/131x116.jpg/cc0000/ffffff,97.27,12,1,,,,
Sullivan,98,http://dummyimage.com/222x229.jpg/cc0000/ffffff,63.18,14,17,,,,
Johnston,69,http://dummyimage.com/100x232.jpg/5fa2dd/ffffff,10.38,5,4,,,,
Henderson,11,http://dummyimage.com/218x101.jpg/5fa2dd/ffffff,31.07,12,4,,,,
Larson,6,http://dummyimage.com/129x110.jpg/ff4444/ffffff,37.17,1,6,,,,
Fox,88,http://dummyimage.com/144x189.jpg/ff4444/ffffff,40.81,14,17,,,,
Snyder,12,http://dummyimage.com/197x210.jpg/ff4444/ffffff,15.24,9,5,,,,
Ryan,85,http://dummyimage.com/109x223.jpg/ff4444/ffffff,76.33,11,19,,,,
Martinez,9,http://dummyimage.com/231x123.jpg/dddddd/000000,13.3,19,17,,,,
Moreno,73,http://dummyimage.com/189x185.jpg/5fa2dd/ffffff,62.74,10,16,,,,
Ramirez,94,http://dummyimage.com/234x167.jpg/dddddd/000000,49.03,20,3,,,,
Harper,14,http://dummyimage.com/126x223.jpg/cc0000/ffffff,49.42,1,4,,,,
Watkins,81,http://dummyimage.com/225x182.jpg/cc0000/ffffff,39.65,14,11,,,,
Brooks,45,http://dummyimage.com/240x131.jpg/ff4444/ffffff,11.52,19,3,,,,
Hall,85,http://dummyimage.com/217x114.jpg/5fa2dd/ffffff,65.84,6,16,,,,
Mccoy,78,http://dummyimage.com/175x219.jpg/ff4444/ffffff,54.91,11,11,,,,
Castillo,41,http://dummyimage.com/182x154.jpg/5fa2dd/ffffff,95.61,5,8,,,,
Welch,17,http://dummyimage.com/121x146.jpg/dddddd/000000,72.05,20,7,,,,
Banks,64,http://dummyimage.com/171x164.jpg/5fa2dd/ffffff,37.49,4,9,,,,
Hart,86,http://dummyimage.com/129x249.jpg/5fa2dd/ffffff,93.37,13,18,,,,
Rose,98,http://dummyimage.com/217x137.jpg/5fa2dd/ffffff,28.18,7,19,,,,
Coleman,48,http://dummyimage.com/210x143.jpg/ff4444/ffffff,13.89,18,2,,,,
Gardner,49,http://dummyimage.com/155x205.jpg/cc0000/ffffff,43.67,2,5,,,,
Pierce,40,http://dummyimage.com/154x157.jpg/dddddd/000000,90.57,20,5,,,,
Crawford,58,http://dummyimage.com/210x107.jpg/ff4444/ffffff,64.22,14,8,,,,
Turner,23,http://dummyimage.com/241x222.jpg/dddddd/000000,96.79,8,4,,,,
Day,60,http://dummyimage.com/148x188.jpg/5fa2dd/ffffff,41.6,8,16,,,,
Carr,32,http://dummyimage.com/189x193.jpg/5fa2dd/ffffff,49.14,5,1,,,,
Knight,60,http://dummyimage.com/150x207.jpg/5fa2dd/ffffff,72.74,18,13,,,,
Wheeler,90,http://dummyimage.com/228x136.jpg/cc0000/ffffff,44.27,11,19,,,,
Powell,40,http://dummyimage.com/137x120.jpg/ff4444/ffffff,79.96,5,2,,,,
Graham,70,http://dummyimage.com/157x236.jpg/ff4444/ffffff,24.28,6,13,,,,
Bailey,43,http://dummyimage.com/224x128.jpg/dddddd/000000,83.66,10,3,,,,
Ruiz,97,http://dummyimage.com/129x167.jpg/cc0000/ffffff,33.07,4,9,,,,
Bryant,30,http://dummyimage.com/155x111.jpg/dddddd/000000,25.17,12,1,,,,
Alexander,18,http://dummyimage.com/174x163.jpg/dddddd/000000,69.25,10,16,,,,
Warren,8,http://dummyimage.com/220x165.jpg/5fa2dd/ffffff,57.38,3,15,,,,
Sullivan,18,http://dummyimage.com/157x137.jpg/cc0000/ffffff,66.65,10,19,,,,
Garza,84,http://dummyimage.com/178x187.jpg/dddddd/000000,95.43,11,1,,,,
Hudson,62,http://dummyimage.com/116x167.jpg/ff4444/ffffff,33.09,6,8,,,,
Nguyen,1,http://dummyimage.com/168x153.jpg/5fa2dd/ffffff,18.83,20,4,,,,
Ruiz,51,http://dummyimage.com/115x124.jpg/5fa2dd/ffffff,70.75,7,5,,,,
Cruz,46,http://dummyimage.com/232x158.jpg/ff4444/ffffff,97.31,1,19,,,,
Porter,20,http://dummyimage.com/128x144.jpg/ff4444/ffffff,72.86,12,11,,,,
Murray,86,http://dummyimage.com/165x171.jpg/dddddd/000000,27.84,11,11,,,,
Duncan,14,http://dummyimage.com/142x131.jpg/5fa2dd/ffffff,25.19,7,13,,,,
Meyer,37,http://dummyimage.com/142x233.jpg/ff4444/ffffff,41.58,9,8,,,,
Elliott,88,http://dummyimage.com/245x239.jpg/5fa2dd/ffffff,62.59,2,4,,,,
Kim,47,http://dummyimage.com/198x143.jpg/cc0000/ffffff,76.47,8,17,,,,
Powell,24,http://dummyimage.com/223x227.jpg/dddddd/000000,81.14,15,18,,,,
Hicks,17,http://dummyimage.com/199x121.jpg/5fa2dd/ffffff,25.97,12,2,,,,
Crawford,96,http://dummyimage.com/244x194.jpg/ff4444/ffffff,35.75,18,15,,,,
Hart,32,http://dummyimage.com/174x177.jpg/cc0000/ffffff,28.06,6,5,,,,
Montgomery,45,http://dummyimage.com/219x131.jpg/ff4444/ffffff,58.87,3,3,,,,
Spencer,46,http://dummyimage.com/221x152.jpg/cc0000/ffffff,61.14,20,2,,,,
Ferguson,80,http://dummyimage.com/119x173.jpg/dddddd/000000,27.26,8,2,,,,
Campbell,91,http://dummyimage.com/124x115.jpg/dddddd/000000,81.18,1,8,,,,
Bennett,36,http://dummyimage.com/145x212.jpg/dddddd/000000,91.04,1,16,,,,
Harvey,48,http://dummyimage.com/233x142.jpg/5fa2dd/ffffff,73.54,19,14,,,,
Ortiz,43,http://dummyimage.com/209x227.jpg/dddddd/000000,44.95,5,9,,,,
King,18,http://dummyimage.com/113x196.jpg/dddddd/000000,92.84,4,12,,,,
Barnes,72,http://dummyimage.com/222x170.jpg/cc0000/ffffff,11.15,13,6,,,,
Garcia,73,http://dummyimage.com/116x229.jpg/5fa2dd/ffffff,77.63,12,15,,,,
Garza,88,http://dummyimage.com/169x234.jpg/5fa2dd/ffffff,45.69,13,5,,,,
Morris,12,http://dummyimage.com/187x181.jpg/dddddd/000000,24.76,15,17,,,,
Howard,7,http://dummyimage.com/108x119.jpg/5fa2dd/ffffff,76.63,9,16,,,,
Payne,32,http://dummyimage.com/239x190.jpg/dddddd/000000,86.72,6,11,,,,
Smith,93,http://dummyimage.com/208x155.jpg/cc0000/ffffff,35.3,15,11,,,,
West,91,http://dummyimage.com/145x139.jpg/5fa2dd/ffffff,39.03,11,4,,,,
Carpenter,86,http://dummyimage.com/110x186.jpg/ff4444/ffffff,53.15,11,12,,,,
Greene,40,http://dummyimage.com/178x103.jpg/cc0000/ffffff,69.99,18,15,,,,
Young,18,http://dummyimage.com/227x144.jpg/5fa2dd/ffffff,81.58,11,9,,,,
Burton,28,http://dummyimage.com/165x100.jpg/dddddd/000000,63.96,5,1,,,,
Kim,1,http://dummyimage.com/134x247.jpg/cc0000/ffffff,59.16,13,15,,,,
Gutierrez,39,http://dummyimage.com/223x197.jpg/dddddd/000000,86.06,11,18,,,,
Fernandez,37,http://dummyimage.com/134x177.jpg/ff4444/ffffff,95.58,19,5,,,,
Morrison,92,http://dummyimage.com/141x196.jpg/5fa2dd/ffffff,73.99,14,15,,,,
Moreno,1,http://dummyimage.com/215x183.jpg/dddddd/000000,32.39,6,19,,,,
Cook,75,http://dummyimage.com/201x139.jpg/dddddd/000000,51.26,14,6,,,,
Cox,59,http://dummyimage.com/228x168.jpg/cc0000/ffffff,75.75,10,17,,,,
Long,57,http://dummyimage.com/113x212.jpg/ff4444/ffffff,22.13,20,19,,,,
Tucker,87,http://dummyimage.com/207x120.jpg/ff4444/ffffff,15.47,5,17,,,,
Cox,100,http://dummyimage.com/176x240.jpg/ff4444/ffffff,65.12,19,7,,,,
Perkins,62,http://dummyimage.com/149x214.jpg/dddddd/000000,43.45,9,7,,,,
Reed,34,http://dummyimage.com/154x242.jpg/cc0000/ffffff,15.92,15,13,,,,
Anderson,13,http://dummyimage.com/108x169.jpg/dddddd/000000,22.57,1,4,,,,
Ellis,82,http://dummyimage.com/117x154.jpg/dddddd/000000,58.48,10,3,,,,
Mendoza,7,http://dummyimage.com/172x189.jpg/ff4444/ffffff,22.31,13,1,,,,
Gardner,62,http://dummyimage.com/241x223.jpg/ff4444/ffffff,92.49,11,6,,,,
Williams,21,http://dummyimage.com/147x207.jpg/ff4444/ffffff,17.55,11,10,,,,
Alvarez,13,http://dummyimage.com/177x202.jpg/dddddd/000000,16.05,10,10,,,,
Price,45,http://dummyimage.com/178x109.jpg/ff4444/ffffff,45.79,13,11,,,,
Dunn,35,http://dummyimage.com/224x112.jpg/dddddd/000000,50.81,19,16,,,,
Alexander,4,http://dummyimage.com/107x125.jpg/dddddd/000000,28.45,3,9,,,,
Holmes,76,http://dummyimage.com/143x220.jpg/5fa2dd/ffffff,50.05,16,16,,,,
Gomez,29,http://dummyimage.com/229x186.jpg/dddddd/000000,84.46,20,13,,,,
Andrews,4,http://dummyimage.com/128x229.jpg/5fa2dd/ffffff,97.67,10,11,,,,
Allen,31,http://dummyimage.com/223x163.jpg/dddddd/000000,72.23,16,4,,,,
Young,86,http://dummyimage.com/135x196.jpg/dddddd/000000,66.23,4,17,,,,
Burton,99,http://dummyimage.com/178x115.jpg/dddddd/000000,39.76,7,6,,,,
Robinson,28,http://dummyimage.com/120x137.jpg/ff4444/ffffff,28.47,13,4,,,,
Lopez,10,http://dummyimage.com/233x219.jpg/cc0000/ffffff,65.31,16,6,,,,
Moreno,18,http://dummyimage.com/204x209.jpg/cc0000/ffffff,75.48,13,3,,,,
Watkins,99,http://dummyimage.com/199x187.jpg/ff4444/ffffff,38.92,16,15,,,,
Black,68,http://dummyimage.com/163x203.jpg/dddddd/000000,77.28,6,14,,,,
Cruz,7,http://dummyimage.com/112x143.jpg/ff4444/ffffff,78.15,19,13,,,,
Morrison,29,http://dummyimage.com/239x125.jpg/dddddd/000000,44.36,9,7,,,,
Henry,16,http://dummyimage.com/183x227.jpg/5fa2dd/ffffff,64.84,14,11,,,,
Gonzales,87,http://dummyimage.com/198x139.jpg/5fa2dd/ffffff,47.51,19,14,,,,
Vasquez,42,http://dummyimage.com/112x132.jpg/ff4444/ffffff,73.84,12,3,,,,
Burke,34,http://dummyimage.com/208x137.jpg/dddddd/000000,14.74,11,4,,,,
Wilson,89,http://dummyimage.com/177x138.jpg/cc0000/ffffff,83.34,16,1,,,,
Simmons,67,http://dummyimage.com/211x248.jpg/ff4444/ffffff,37.14,3,15,,,,
Alexander,26,http://dummyimage.com/109x114.jpg/ff4444/ffffff,96.52,13,3,,,,
Nichols,21,http://dummyimage.com/184x117.jpg/dddddd/000000,30.17,9,16,,,,
Franklin,8,http://dummyimage.com/216x226.jpg/dddddd/000000,37.38,15,3,,,,
Walker,83,http://dummyimage.com/209x234.jpg/5fa2dd/ffffff,14.38,8,14,,,,
Lewis,92,http://dummyimage.com/224x231.jpg/ff4444/ffffff,67.72,5,10,,,,
Anderson,79,http://dummyimage.com/230x242.jpg/cc0000/ffffff,87.4,10,17,,,,
Cruz,28,http://dummyimage.com/211x220.jpg/ff4444/ffffff,37.98,20,5,,,,
Elliott,70,http://dummyimage.com/133x217.jpg/cc0000/ffffff,17.55,12,1,,,,
Wilson,89,http://dummyimage.com/162x222.jpg/ff4444/ffffff,77.19,17,2,,,,
Montgomery,53,http://dummyimage.com/103x124.jpg/ff4444/ffffff,99,1,8,,,,
Woods,24,http://dummyimage.com/166x235.jpg/ff4444/ffffff,10.45,11,14,,,,
Barnes,86,http://dummyimage.com/203x239.jpg/ff4444/ffffff,95.1,15,12,,,,
Tucker,81,http://dummyimage.com/152x214.jpg/ff4444/ffffff,32.75,14,16,,,,
Cox,37,http://dummyimage.com/107x139.jpg/ff4444/ffffff,54.7,3,12,,,,
King,55,http://dummyimage.com/173x202.jpg/5fa2dd/ffffff,84.23,9,3,,,,
Jenkins,64,http://dummyimage.com/194x126.jpg/cc0000/ffffff,81.8,16,6,,,,
Medina,26,http://dummyimage.com/246x242.jpg/ff4444/ffffff,68.14,18,12,,,,
Thompson,34,http://dummyimage.com/157x242.jpg/cc0000/ffffff,15.08,9,7,,,,
Grant,20,http://dummyimage.com/208x230.jpg/cc0000/ffffff,97.26,8,19,,,,
Graham,96,http://dummyimage.com/187x248.jpg/5fa2dd/ffffff,16.47,15,17,,,,
Shaw,5,http://dummyimage.com/210x126.jpg/5fa2dd/ffffff,52.4,15,16,,,,
Porter,29,http://dummyimage.com/170x159.jpg/5fa2dd/ffffff,85.91,11,3,,,,
Hunter,98,http://dummyimage.com/111x243.jpg/cc0000/ffffff,43.32,2,17,,,,
Cunningham,54,http://dummyimage.com/236x113.jpg/5fa2dd/ffffff,84.88,13,17,,,,
Ortiz,85,http://dummyimage.com/186x193.jpg/5fa2dd/ffffff,92.13,20,15,,,,
Stone,22,http://dummyimage.com/132x162.jpg/ff4444/ffffff,22.88,7,3,,,,
Harper,16,http://dummyimage.com/236x237.jpg/ff4444/ffffff,85.94,7,18,,,,
Bryant,80,http://dummyimage.com/165x100.jpg/5fa2dd/ffffff,75.48,1,8,,,,
Williams,80,http://dummyimage.com/223x202.jpg/dddddd/000000,92.27,7,19,,,,
Wells,51,http://dummyimage.com/144x202.jpg/dddddd/000000,64.2,13,19,,,,
Lee,29,http://dummyimage.com/234x173.jpg/ff4444/ffffff,35.67,20,7,,,,
Taylor,32,http://dummyimage.com/169x152.jpg/ff4444/ffffff,38.05,1,19,,,,
Howell,90,http://dummyimage.com/212x183.jpg/cc0000/ffffff,44.33,8,14,,,,
Hanson,31,http://dummyimage.com/129x135.jpg/5fa2dd/ffffff,70.79,5,18,,,,
Williams,48,http://dummyimage.com/150x182.jpg/dddddd/000000,19.83,7,14,,,,
Hughes,99,http://dummyimage.com/181x120.jpg/5fa2dd/ffffff,64.07,7,14,,,,
Mendoza,56,http://dummyimage.com/230x174.jpg/cc0000/ffffff,99.05,19,6,,,,
Gonzales,67,http://dummyimage.com/143x136.jpg/dddddd/000000,43.44,2,13,,,,
Powell,25,http://dummyimage.com/169x250.jpg/dddddd/000000,76.78,2,5,,,,
Riley,95,http://dummyimage.com/158x151.jpg/cc0000/ffffff,50.25,10,13,,,,
James,9,http://dummyimage.com/235x212.jpg/ff4444/ffffff,42.8,14,14,,,,
Richardson,8,http://dummyimage.com/243x110.jpg/cc0000/ffffff,83.75,4,13,,,,
Garza,97,http://dummyimage.com/135x108.jpg/ff4444/ffffff,90.74,18,11,,,,
Alvarez,44,http://dummyimage.com/179x241.jpg/dddddd/000000,21.67,5,17,,,,
Vasquez,77,http://dummyimage.com/165x217.jpg/ff4444/ffffff,39.9,4,14,,,,
Bradley,96,http://dummyimage.com/146x218.jpg/ff4444/ffffff,38.51,6,15,,,,
Kelley,71,http://dummyimage.com/227x153.jpg/ff4444/ffffff,22.45,10,11,,,,
Banks,15,http://dummyimage.com/122x181.jpg/cc0000/ffffff,88.58,12,17,,,,
Elliott,81,http://dummyimage.com/231x104.jpg/dddddd/000000,78.36,20,5,,,,
Thompson,74,http://dummyimage.com/202x232.jpg/5fa2dd/ffffff,64.83,9,10,,,,
Snyder,6,http://dummyimage.com/121x245.jpg/5fa2dd/ffffff,61.7,2,15,,,,
Daniels,31,http://dummyimage.com/208x101.jpg/cc0000/ffffff,80.05,13,16,,,,
Kim,4,http://dummyimage.com/118x216.jpg/dddddd/000000,91.4,19,3,,,,
Gutierrez,14,http://dummyimage.com/195x184.jpg/ff4444/ffffff,12.17,6,10,,,,
Turner,97,http://dummyimage.com/225x248.jpg/dddddd/000000,35.22,18,19,,,,
Rivera,89,http://dummyimage.com/210x239.jpg/cc0000/ffffff,67.35,13,6,,,,
Foster,5,http://dummyimage.com/157x205.jpg/5fa2dd/ffffff,43.64,10,7,,,,
Diaz,33,http://dummyimage.com/235x157.jpg/cc0000/ffffff,52.76,10,2,,,,
Hanson,81,http://dummyimage.com/206x219.jpg/ff4444/ffffff,15.28,2,11,,,,
Frazier,47,http://dummyimage.com/126x112.jpg/5fa2dd/ffffff,85.93,2,13,,,,
Cole,12,http://dummyimage.com/140x152.jpg/dddddd/000000,81.69,12,11,,,,
Wood,66,http://dummyimage.com/233x191.jpg/cc0000/ffffff,98.61,6,4,,,,
Lee,95,http://dummyimage.com/217x234.jpg/5fa2dd/ffffff,98.63,16,12,,,,
Dean,56,http://dummyimage.com/225x202.jpg/cc0000/ffffff,77.95,18,16,,,,
Stanley,16,http://dummyimage.com/219x123.jpg/5fa2dd/ffffff,82.54,1,6,,,,
Gibson,34,http://dummyimage.com/186x155.jpg/5fa2dd/ffffff,22.81,16,10,,,,
Carr,83,http://dummyimage.com/164x241.jpg/ff4444/ffffff,41.81,7,5,,,,
Thompson,72,http://dummyimage.com/192x152.jpg/dddddd/000000,71.23,19,18,,,,
Williams,16,http://dummyimage.com/118x111.jpg/cc0000/ffffff,79.22,4,4,,,,
Jenkins,30,http://dummyimage.com/114x203.jpg/dddddd/000000,53.96,10,7,,,,
Hudson,47,http://dummyimage.com/228x106.jpg/dddddd/000000,41.33,6,3,,,,
Evans,70,http://dummyimage.com/145x166.jpg/cc0000/ffffff,27.16,15,9,,,,
Hudson,48,http://dummyimage.com/242x197.jpg/5fa2dd/ffffff,39.6,16,1,,,,
Frazier,61,http://dummyimage.com/245x194.jpg/dddddd/000000,69.33,12,2,,,,
Simpson,86,http://dummyimage.com/131x131.jpg/dddddd/000000,30.04,2,19,,,,
Jenkins,60,http://dummyimage.com/203x244.jpg/5fa2dd/ffffff,77.47,7,2,,,,
Cook,19,http://dummyimage.com/199x170.jpg/ff4444/ffffff,22.15,3,18,,,,
Owens,81,http://dummyimage.com/204x200.jpg/cc0000/ffffff,50.12,6,13,,,,
Garza,68,http://dummyimage.com/199x225.jpg/cc0000/ffffff,22.08,13,4,,,,
Franklin,97,http://dummyimage.com/129x118.jpg/dddddd/000000,39.76,18,17,,,,
Warren,6,http://dummyimage.com/228x150.jpg/ff4444/ffffff,94.14,18,1,,,,
Hernandez,52,http://dummyimage.com/176x104.jpg/ff4444/ffffff,45.66,8,13,,,,
Schmidt,26,http://dummyimage.com/167x161.jpg/5fa2dd/ffffff,13.31,1,18,,,,
Rogers,96,http://dummyimage.com/111x101.jpg/cc0000/ffffff,78.98,16,17,,,,
Bradley,86,http://dummyimage.com/135x191.jpg/cc0000/ffffff,92.99,18,9,,,,
Lane,9,http://dummyimage.com/135x148.jpg/5fa2dd/ffffff,18.77,9,6,,,,
Nichols,38,http://dummyimage.com/134x123.jpg/5fa2dd/ffffff,81.35,14,13,,,,
Morris,50,http://dummyimage.com/218x206.jpg/ff4444/ffffff,95.41,20,18,,,,
Mills,69,http://dummyimage.com/113x198.jpg/dddddd/000000,49.83,14,16,,,,
Wright,19,http://dummyimage.com/123x115.jpg/5fa2dd/ffffff,67.32,15,13,,,,
Woods,100,http://dummyimage.com/202x221.jpg/cc0000/ffffff,32.69,14,18,,,,
Fields,43,http://dummyimage.com/133x202.jpg/cc0000/ffffff,43.12,14,18,,,,
Webb,80,http://dummyimage.com/151x198.jpg/ff4444/ffffff,72.25,19,5,,,,
Bryant,64,http://dummyimage.com/110x103.jpg/5fa2dd/ffffff,33.81,7,17,,,,
Hawkins,51,http://dummyimage.com/205x188.jpg/ff4444/ffffff,10.19,11,1,,,,
Kim,80,http://dummyimage.com/238x131.jpg/5fa2dd/ffffff,88.75,15,5,,,,
Perry,58,http://dummyimage.com/247x230.jpg/5fa2dd/ffffff,97.12,11,2,,,,
Williamson,74,http://dummyimage.com/225x225.jpg/ff4444/ffffff,96.86,17,17,,,,
Little,61,http://dummyimage.com/128x117.jpg/5fa2dd/ffffff,85.17,12,7,,,,
Cox,18,http://dummyimage.com/149x106.jpg/cc0000/ffffff,76,9,5,,,,
Gomez,51,http://dummyimage.com/144x227.jpg/cc0000/ffffff,82.81,10,9,,,,
Carr,56,http://dummyimage.com/125x234.jpg/5fa2dd/ffffff,14.16,3,10,,,,
Diaz,63,http://dummyimage.com/214x190.jpg/cc0000/ffffff,86.67,4,6,,,,
Hughes,52,http://dummyimage.com/101x112.jpg/dddddd/000000,60.36,4,1,,,,
Rose,40,http://dummyimage.com/202x208.jpg/cc0000/ffffff,19.64,13,6,,,,
Palmer,21,http://dummyimage.com/201x240.jpg/5fa2dd/ffffff,12.01,11,5,,,,
Howell,29,http://dummyimage.com/114x161.jpg/dddddd/000000,39,3,19,,,,
Sullivan,47,http://dummyimage.com/207x213.jpg/dddddd/000000,74.93,12,19,,,,
Sanchez,95,http://dummyimage.com/191x228.jpg/5fa2dd/ffffff,40.51,19,13,,,,
Ford,9,http://dummyimage.com/165x207.jpg/ff4444/ffffff,12.38,4,15,,,,
Medina,35,http://dummyimage.com/186x112.jpg/ff4444/ffffff,86.2,9,9,,,,
Marshall,43,http://dummyimage.com/180x246.jpg/5fa2dd/ffffff,10.49,1,17,,,,
Alvarez,57,http://dummyimage.com/214x229.jpg/ff4444/ffffff,32.64,17,6,,,,
Moreno,49,http://dummyimage.com/156x199.jpg/dddddd/000000,11.61,11,16,,,,
Butler,95,http://dummyimage.com/138x176.jpg/cc0000/ffffff,78.89,15,3,,,,
Hudson,100,http://dummyimage.com/153x150.jpg/ff4444/ffffff,12.45,18,13,,,,
Scott,70,http://dummyimage.com/106x187.jpg/dddddd/000000,97.2,17,2,,,,
Hall,8,http://dummyimage.com/226x201.jpg/cc0000/ffffff,43.46,19,17,,,,
Martin,97,http://dummyimage.com/232x190.jpg/ff4444/ffffff,81.62,7,7,,,,
Nichols,1,http://dummyimage.com/146x239.jpg/5fa2dd/ffffff,25.44,7,1,,,,
Mccoy,10,http://dummyimage.com/146x246.jpg/cc0000/ffffff,44.02,20,2,,,,
Hudson,10,http://dummyimage.com/228x193.jpg/cc0000/ffffff,61.13,15,7,,,,
Bowman,74,http://dummyimage.com/160x105.jpg/ff4444/ffffff,92,5,12,,,,
Olson,47,http://dummyimage.com/112x179.jpg/cc0000/ffffff,19.42,9,6,,,,
Kennedy,14,http://dummyimage.com/219x126.jpg/cc0000/ffffff,82.89,19,12,,,,
Cook,6,http://dummyimage.com/188x161.jpg/5fa2dd/ffffff,97.96,19,19,,,,
Nguyen,10,http://dummyimage.com/187x185.jpg/5fa2dd/ffffff,88.55,9,15,,,,
Ramirez,60,http://dummyimage.com/184x245.jpg/dddddd/000000,36.1,9,7,,,,
Wilson,50,http://dummyimage.com/219x210.jpg/cc0000/ffffff,38.02,6,8,,,,
Lopez,34,http://dummyimage.com/196x163.jpg/dddddd/000000,67.41,17,8,,,,
Martinez,39,http://dummyimage.com/151x146.jpg/5fa2dd/ffffff,48.31,15,10,,,,
Moore,67,http://dummyimage.com/217x199.jpg/5fa2dd/ffffff,72.24,8,17,,,,
Simpson,30,http://dummyimage.com/240x177.jpg/dddddd/000000,57.06,14,14,,,,
Jones,28,http://dummyimage.com/154x139.jpg/cc0000/ffffff,20.78,17,2,,,,
Morris,53,http://dummyimage.com/106x184.jpg/5fa2dd/ffffff,61.62,2,1,,,,
Harper,76,http://dummyimage.com/178x153.jpg/cc0000/ffffff,29.6,17,5,,,,
Perez,93,http://dummyimage.com/158x210.jpg/5fa2dd/ffffff,26.74,4,8,,,,
Robinson,52,http://dummyimage.com/244x215.jpg/5fa2dd/ffffff,62.89,11,7,,,,
Morrison,68,http://dummyimage.com/113x225.jpg/cc0000/ffffff,77.58,12,16,,,,
Turner,89,http://dummyimage.com/217x118.jpg/5fa2dd/ffffff,82.26,10,5,,,,
Martin,49,http://dummyimage.com/169x173.jpg/cc0000/ffffff,35.43,2,9,,,,
Bailey,4,http://dummyimage.com/160x152.jpg/ff4444/ffffff,74.39,20,12,,,,
Spencer,13,http://dummyimage.com/212x241.jpg/dddddd/000000,52.97,8,18,,,,
George,3,http://dummyimage.com/238x173.jpg/dddddd/000000,87.98,18,18,,,,
Jordan,27,http://dummyimage.com/182x182.jpg/cc0000/ffffff,31.93,6,10,,,,
Lane,4,http://dummyimage.com/100x229.jpg/5fa2dd/ffffff,27.11,16,2,,,,
Bennett,97,http://dummyimage.com/240x143.jpg/dddddd/000000,92.5,5,6,,,,
Mcdonald,66,http://dummyimage.com/204x127.jpg/dddddd/000000,48.96,7,2,,,,
Bryant,85,http://dummyimage.com/224x230.jpg/ff4444/ffffff,29.32,13,4,,,,
Miller,26,http://dummyimage.com/108x165.jpg/dddddd/000000,62.44,18,19,,,,
Palmer,100,http://dummyimage.com/203x109.jpg/5fa2dd/ffffff,64.06,18,4,,,,
Knight,24,http://dummyimage.com/152x212.jpg/dddddd/000000,62.73,14,19,,,,
Palmer,1,http://dummyimage.com/124x118.jpg/cc0000/ffffff,28.05,5,1,,,,
Carr,80,http://dummyimage.com/141x135.jpg/dddddd/000000,89.19,12,14,,,,
Richardson,41,http://dummyimage.com/240x104.jpg/dddddd/000000,79.81,7,5,,,,
Kelly,54,http://dummyimage.com/185x194.jpg/cc0000/ffffff,37,10,16,,,,
Rice,47,http://dummyimage.com/169x210.jpg/ff4444/ffffff,66.48,5,2,,,,
Baker,99,http://dummyimage.com/115x152.jpg/5fa2dd/ffffff,98.94,15,4,,,,
Williams,42,http://dummyimage.com/226x187.jpg/5fa2dd/ffffff,93,2,13,,,,
Cruz,13,http://dummyimage.com/232x129.jpg/5fa2dd/ffffff,14.78,6,9,,,,
Gilbert,49,http://dummyimage.com/148x170.jpg/cc0000/ffffff,19.27,17,18,,,,
Roberts,59,http://dummyimage.com/188x178.jpg/dddddd/000000,85.59,13,13,,,,
Lewis,85,http://dummyimage.com/186x136.jpg/dddddd/000000,25.52,16,17,,,,
Snyder,12,http://dummyimage.com/193x161.jpg/ff4444/ffffff,42.34,15,12,,,,
Black,57,http://dummyimage.com/131x229.jpg/5fa2dd/ffffff,22.16,14,17,,,,
Walker,35,http://dummyimage.com/197x242.jpg/ff4444/ffffff,11.44,5,11,,,,
Ramirez,1,http://dummyimage.com/132x242.jpg/5fa2dd/ffffff,61.56,8,10,,,,
Lawrence,64,http://dummyimage.com/173x104.jpg/ff4444/ffffff,20.29,15,10,,,,
Perkins,80,http://dummyimage.com/111x216.jpg/cc0000/ffffff,72.27,10,5,,,,
Harrison,99,http://dummyimage.com/201x125.jpg/5fa2dd/ffffff,93.19,14,14,,,,
Wheeler,71,http://dummyimage.com/248x197.jpg/ff4444/ffffff,13.98,11,3,,,,
Butler,13,http://dummyimage.com/232x195.jpg/ff4444/ffffff,73.45,4,11,,,,
Reynolds,76,http://dummyimage.com/179x184.jpg/cc0000/ffffff,94.7,5,9,,,,
Stone,81,http://dummyimage.com/178x199.jpg/dddddd/000000,47.83,8,8,,,,
Washington,69,http://dummyimage.com/209x196.jpg/dddddd/000000,25.22,8,1,,,,
Stanley,25,http://dummyimage.com/149x169.jpg/5fa2dd/ffffff,36.56,7,16,,,,
Anderson,7,http://dummyimage.com/130x121.jpg/5fa2dd/ffffff,12.41,16,19,,,,
Reed,7,http://dummyimage.com/100x249.jpg/dddddd/000000,83.27,5,17,,,,
Duncan,4,http://dummyimage.com/137x173.jpg/cc0000/ffffff,69.17,7,17,,,,
Grant,40,http://dummyimage.com/111x155.jpg/5fa2dd/ffffff,96.68,12,4,,,,
Hayes,46,http://dummyimage.com/231x231.jpg/dddddd/000000,42.4,20,9,,,,
Palmer,92,http://dummyimage.com/242x128.jpg/ff4444/ffffff,74.03,14,3,,,,
Welch,100,http://dummyimage.com/184x131.jpg/cc0000/ffffff,79.4,6,16,,,,
Miller,59,http://dummyimage.com/217x237.jpg/5fa2dd/ffffff,65.01,8,6,,,,
Coleman,61,http://dummyimage.com/187x131.jpg/5fa2dd/ffffff,17.76,17,16,,,,
Mitchell,10,http://dummyimage.com/140x214.jpg/cc0000/ffffff,24.45,16,6,,,,
Barnes,95,http://dummyimage.com/118x194.jpg/ff4444/ffffff,83.54,19,3,,,,
Wheeler,100,http://dummyimage.com/100x228.jpg/5fa2dd/ffffff,32.87,14,3,,,,
Parker,4,http://dummyimage.com/124x171.jpg/5fa2dd/ffffff,71.3,14,1,,,,
Ward,52,http://dummyimage.com/145x104.jpg/cc0000/ffffff,23.04,2,18,,,,
Stephens,71,http://dummyimage.com/149x214.jpg/dddddd/000000,54.9,1,9,,,,
Jenkins,18,http://dummyimage.com/158x233.jpg/cc0000/ffffff,93.22,19,19,,,,
Henderson,53,http://dummyimage.com/197x102.jpg/5fa2dd/ffffff,31.44,6,6,,,,
Thompson,8,http://dummyimage.com/180x244.jpg/cc0000/ffffff,31.89,4,15,,,,
Jacobs,23,http://dummyimage.com/105x145.jpg/5fa2dd/ffffff,86.69,9,10,,,,
Peters,92,http://dummyimage.com/130x193.jpg/5fa2dd/ffffff,62.85,13,16,,,,
Day,69,http://dummyimage.com/206x196.jpg/5fa2dd/ffffff,23.01,7,9,,,,
Baker,65,http://dummyimage.com/124x164.jpg/dddddd/000000,14.25,6,19,,,,
Olson,40,http://dummyimage.com/242x219.jpg/dddddd/000000,84.82,2,12,,,,
Jenkins,88,http://dummyimage.com/184x124.jpg/cc0000/ffffff,40.02,17,9,,,,
White,82,http://dummyimage.com/104x160.jpg/dddddd/000000,37.94,14,5,,,,
Hayes,13,http://dummyimage.com/234x185.jpg/cc0000/ffffff,67.74,1,16,,,,
Hunt,11,http://dummyimage.com/102x171.jpg/ff4444/ffffff,13.7,18,10,,,,
Stephens,10,http://dummyimage.com/242x102.jpg/5fa2dd/ffffff,67.35,12,15,,,,
Dixon,88,http://dummyimage.com/174x191.jpg/cc0000/ffffff,95.78,15,16,,,,
Watkins,2,http://dummyimage.com/115x108.jpg/cc0000/ffffff,48.25,6,16,,,,
Olson,71,http://dummyimage.com/241x116.jpg/dddddd/000000,98.23,3,5,,,,
Arnold,7,http://dummyimage.com/225x225.jpg/dddddd/000000,14.85,10,14,,,,
Wagner,88,http://dummyimage.com/220x173.jpg/5fa2dd/ffffff,79.17,2,3,,,,
George,45,http://dummyimage.com/242x120.jpg/cc0000/ffffff,89.8,17,10,,,,
Shaw,31,http://dummyimage.com/166x224.jpg/5fa2dd/ffffff,38.83,12,2,,,,
Ward,13,http://dummyimage.com/227x226.jpg/cc0000/ffffff,15.41,6,10,,,,
Payne,21,http://dummyimage.com/198x248.jpg/dddddd/000000,15.16,11,15,,,,
Mitchell,93,http://dummyimage.com/235x187.jpg/cc0000/ffffff,58.88,9,7,,,,
Murray,39,http://dummyimage.com/215x204.jpg/dddddd/000000,84.64,14,15,,,,
Nichols,81,http://dummyimage.com/132x217.jpg/cc0000/ffffff,24.35,19,8,,,,
Jackson,52,http://dummyimage.com/220x195.jpg/ff4444/ffffff,51.28,17,6,,,,
Williamson,23,http://dummyimage.com/186x131.jpg/5fa2dd/ffffff,27.65,19,9,,,,
Morris,96,http://dummyimage.com/119x249.jpg/dddddd/000000,90.5,2,1,,,,
Peterson,100,http://dummyimage.com/191x121.jpg/5fa2dd/ffffff,59.52,3,3,,,,
Arnold,24,http://dummyimage.com/149x235.jpg/ff4444/ffffff,21.76,12,7,,,,
Evans,1,http://dummyimage.com/122x246.jpg/5fa2dd/ffffff,13.56,18,1,,,,
Ferguson,92,http://dummyimage.com/136x226.jpg/5fa2dd/ffffff,48.2,18,15,,,,
Patterson,98,http://dummyimage.com/176x249.jpg/cc0000/ffffff,65.98,1,8,,,,
Bailey,26,http://dummyimage.com/121x174.jpg/5fa2dd/ffffff,67.67,20,16,,,,
Mcdonald,61,http://dummyimage.com/244x206.jpg/ff4444/ffffff,40.15,6,9,,,,
Jordan,86,http://dummyimage.com/205x204.jpg/cc0000/ffffff,91.83,11,11,,,,
Carpenter,81,http://dummyimage.com/180x208.jpg/cc0000/ffffff,98.77,6,11,,,,
Black,36,http://dummyimage.com/147x107.jpg/5fa2dd/ffffff,15.8,18,12,,,,
Adams,58,http://dummyimage.com/213x127.jpg/dddddd/000000,29.29,20,7,,,,
Kelley,22,http://dummyimage.com/123x140.jpg/dddddd/000000,59,11,7,,,,
Butler,10,http://dummyimage.com/111x105.jpg/5fa2dd/ffffff,87.61,15,15,,,,
Hunter,48,http://dummyimage.com/209x112.jpg/dddddd/000000,26.37,15,15,,,,
Sanders,64,http://dummyimage.com/130x165.jpg/cc0000/ffffff,60.56,3,3,,,,
Carpenter,11,http://dummyimage.com/235x158.jpg/5fa2dd/ffffff,20.27,19,11,,,,
Gomez,49,http://dummyimage.com/197x112.jpg/ff4444/ffffff,56.64,8,10,,,,
Gibson,40,http://dummyimage.com/105x222.jpg/dddddd/000000,36.03,1,6,,,,
Palmer,90,http://dummyimage.com/142x158.jpg/dddddd/000000,58.68,9,8,,,,
Burke,5,http://dummyimage.com/189x209.jpg/5fa2dd/ffffff,32.04,13,4,,,,
Reynolds,44,http://dummyimage.com/156x229.jpg/dddddd/000000,42.69,12,2,,,,
Oliver,30,http://dummyimage.com/195x235.jpg/cc0000/ffffff,11.08,6,14,,,,
Mendoza,48,http://dummyimage.com/229x121.jpg/cc0000/ffffff,97.55,16,19,,,,
Freeman,2,http://dummyimage.com/195x125.jpg/ff4444/ffffff,22.9,1,17,,,,
Simmons,14,http://dummyimage.com/194x134.jpg/ff4444/ffffff,10.46,5,6,,,,
Young,40,http://dummyimage.com/208x204.jpg/ff4444/ffffff,76.61,12,18,,,,
Nelson,89,http://dummyimage.com/211x209.jpg/cc0000/ffffff,43.53,10,4,,,,
Gomez,33,http://dummyimage.com/171x158.jpg/cc0000/ffffff,99.45,20,2,,,,
Dunn,21,http://dummyimage.com/216x223.jpg/5fa2dd/ffffff,94.83,18,16,,,,
Long,11,http://dummyimage.com/148x184.jpg/cc0000/ffffff,14,3,17,,,,
Mcdonald,81,http://dummyimage.com/136x190.jpg/ff4444/ffffff,42.66,5,2,,,,
Martinez,84,http://dummyimage.com/182x158.jpg/ff4444/ffffff,50.45,7,13,,,,
Jackson,71,http://dummyimage.com/206x226.jpg/dddddd/000000,97.24,4,9,,,,
Daniels,47,http://dummyimage.com/150x234.jpg/ff4444/ffffff,82.91,20,19,,,,
Edwards,100,http://dummyimage.com/143x240.jpg/dddddd/000000,94.15,6,1,,,,
Daniels,19,http://dummyimage.com/221x209.jpg/cc0000/ffffff,58.63,5,12,,,,
Nguyen,90,http://dummyimage.com/236x246.jpg/dddddd/000000,80.15,9,15,,,,
Warren,90,http://dummyimage.com/235x109.jpg/ff4444/ffffff,56.87,11,15,,,,
Nichols,34,http://dummyimage.com/225x148.jpg/5fa2dd/ffffff,14.08,5,14,,,,
Henry,91,http://dummyimage.com/171x158.jpg/ff4444/ffffff,10.11,3,1,,,,
Diaz,45,http://dummyimage.com/187x106.jpg/ff4444/ffffff,46.59,14,14,,,,
Bell,9,http://dummyimage.com/181x154.jpg/cc0000/ffffff,58.41,13,12,,,,
Armstrong,68,http://dummyimage.com/244x225.jpg/cc0000/ffffff,36.66,13,13,,,,
Castillo,79,http://dummyimage.com/174x238.jpg/ff4444/ffffff,87.99,2,1,,,,
Edwards,81,http://dummyimage.com/248x132.jpg/cc0000/ffffff,54.4,19,16,,,,
Evans,23,http://dummyimage.com/167x228.jpg/ff4444/ffffff,22.83,16,3,,,,
Fuller,33,http://dummyimage.com/146x200.jpg/5fa2dd/ffffff,25.08,5,2,,,,
Pierce,35,http://dummyimage.com/113x196.jpg/cc0000/ffffff,25.25,2,15,,,,
Ward,28,http://dummyimage.com/216x152.jpg/dddddd/000000,50.97,12,9,,,,
Murphy,36,http://dummyimage.com/176x241.jpg/dddddd/000000,17.05,14,12,,,,
Castillo,1,http://dummyimage.com/155x129.jpg/5fa2dd/ffffff,37.97,8,15,,,,
Diaz,63,http://dummyimage.com/139x140.jpg/5fa2dd/ffffff,78.35,6,16,,,,
Fisher,39,http://dummyimage.com/193x215.jpg/cc0000/ffffff,80.28,3,7,,,,
Butler,80,http://dummyimage.com/232x203.jpg/ff4444/ffffff,40.08,1,12,,,,
Fisher,47,http://dummyimage.com/191x156.jpg/cc0000/ffffff,81.92,2,11,,,,
Johnson,93,http://dummyimage.com/133x105.jpg/cc0000/ffffff,82.61,20,14,,,,
Taylor,38,http://dummyimage.com/101x124.jpg/5fa2dd/ffffff,77.2,10,11,,,,
Chavez,21,http://dummyimage.com/134x229.jpg/5fa2dd/ffffff,83.36,6,9,,,,
Woods,84,http://dummyimage.com/184x122.jpg/dddddd/000000,92.37,15,4,,,,
Bryant,15,http://dummyimage.com/212x179.jpg/cc0000/ffffff,63.68,7,14,,,,
Ramirez,55,http://dummyimage.com/178x122.jpg/5fa2dd/ffffff,54.53,10,1,,,,
Lee,87,http://dummyimage.com/206x215.jpg/ff4444/ffffff,83.61,9,2,,,,
Taylor,91,http://dummyimage.com/148x104.jpg/cc0000/ffffff,57.29,6,10,,,,
Romero,100,http://dummyimage.com/164x135.jpg/dddddd/000000,62.43,10,7,,,,
Lawrence,61,http://dummyimage.com/250x190.jpg/5fa2dd/ffffff,10.37,10,8,,,,
Richardson,89,http://dummyimage.com/213x223.jpg/ff4444/ffffff,34.03,14,14,,,,
Wheeler,79,http://dummyimage.com/184x148.jpg/5fa2dd/ffffff,87.43,7,14,,,,
George,50,http://dummyimage.com/154x127.jpg/ff4444/ffffff,61.37,5,9,,,,
Stephens,26,http://dummyimage.com/193x167.jpg/ff4444/ffffff,96.85,20,15,,,,
Smith,16,http://dummyimage.com/178x181.jpg/ff4444/ffffff,80.27,20,9,,,,
Burns,80,http://dummyimage.com/225x236.jpg/ff4444/ffffff,58.82,6,15,,,,
Wright,77,http://dummyimage.com/184x202.jpg/5fa2dd/ffffff,24.1,20,18,,,,
Harvey,68,http://dummyimage.com/248x245.jpg/ff4444/ffffff,93.18,9,6,,,,
Phillips,84,http://dummyimage.com/153x112.jpg/ff4444/ffffff,60.92,8,13,,,,
Foster,5,http://dummyimage.com/122x131.jpg/dddddd/000000,46.36,5,1,,,,
Burns,52,http://dummyimage.com/244x221.jpg/5fa2dd/ffffff,42.13,3,16,,,,
Griffin,63,http://dummyimage.com/180x209.jpg/cc0000/ffffff,56.41,18,4,,,,
Parker,13,http://dummyimage.com/107x141.jpg/5fa2dd/ffffff,76.51,20,13,,,,
Baker,74,http://dummyimage.com/116x106.jpg/dddddd/000000,33.86,2,7,,,,
Dunn,15,http://dummyimage.com/247x107.jpg/dddddd/000000,50.44,16,1,,,,
Murray,46,http://dummyimage.com/169x170.jpg/5fa2dd/ffffff,33.68,4,15,,,,
Murphy,33,http://dummyimage.com/234x153.jpg/cc0000/ffffff,55.57,18,8,,,,
Ellis,66,http://dummyimage.com/106x214.jpg/cc0000/ffffff,42.83,15,2,,,,
Howard,72,http://dummyimage.com/164x189.jpg/ff4444/ffffff,91.18,8,14,,,,
Fisher,24,http://dummyimage.com/186x117.jpg/5fa2dd/ffffff,32.02,13,6,,,,
Gray,78,http://dummyimage.com/158x234.jpg/dddddd/000000,81.2,20,1,,,,
Henry,73,http://dummyimage.com/128x163.jpg/ff4444/ffffff,43.11,13,4,,,,
Ramos,78,http://dummyimage.com/164x145.jpg/ff4444/ffffff,11.86,4,8,,,,
James,12,http://dummyimage.com/155x178.jpg/5fa2dd/ffffff,99.46,12,14,,,,
Powell,15,http://dummyimage.com/101x205.jpg/5fa2dd/ffffff,33.09,5,12,,,,
Meyer,81,http://dummyimage.com/169x199.jpg/ff4444/ffffff,67.38,12,19,,,,
Garrett,98,http://dummyimage.com/133x243.jpg/5fa2dd/ffffff,41.29,12,14,,,,
Meyer,65,http://dummyimage.com/237x193.jpg/dddddd/000000,40.88,13,4,,,,
Freeman,83,http://dummyimage.com/134x143.jpg/5fa2dd/ffffff,22.76,2,6,,,,
Schmidt,60,http://dummyimage.com/114x100.jpg/5fa2dd/ffffff,39.44,13,5,,,,
Nelson,44,http://dummyimage.com/206x144.jpg/5fa2dd/ffffff,84.26,9,13,,,,
Nichols,76,http://dummyimage.com/109x119.jpg/ff4444/ffffff,87.76,20,3,,,,
Green,81,http://dummyimage.com/246x161.jpg/cc0000/ffffff,85.57,2,6,,,,
Scott,72,http://dummyimage.com/229x220.jpg/cc0000/ffffff,22.28,8,2,,,,
Hill,91,http://dummyimage.com/130x233.jpg/dddddd/000000,17.95,7,13,,,,
Perkins,63,http://dummyimage.com/210x124.jpg/dddddd/000000,70.55,17,8,,,,
Cole,34,http://dummyimage.com/238x120.jpg/cc0000/ffffff,28.67,3,3,,,,
Reynolds,30,http://dummyimage.com/163x156.jpg/ff4444/ffffff,84.13,13,6,,,,
Harrison,14,http://dummyimage.com/142x209.jpg/ff4444/ffffff,80.05,2,12,,,,
Gutierrez,36,http://dummyimage.com/242x184.jpg/5fa2dd/ffffff,71.95,20,11,,,,
Daniels,84,http://dummyimage.com/196x176.jpg/dddddd/000000,41.9,9,8,,,,
Watkins,57,http://dummyimage.com/165x169.jpg/5fa2dd/ffffff,66.74,8,12,,,,
Hicks,33,http://dummyimage.com/130x141.jpg/dddddd/000000,47.63,12,11,,,,
Hall,54,http://dummyimage.com/216x221.jpg/ff4444/ffffff,93.24,12,5,,,,
Gonzalez,6,http://dummyimage.com/176x185.jpg/dddddd/000000,95.65,7,16,,,,
Cole,51,http://dummyimage.com/247x152.jpg/dddddd/000000,73.94,19,10,,,,
Banks,97,http://dummyimage.com/170x108.jpg/dddddd/000000,19.87,16,9,,,,
Thomas,79,http://dummyimage.com/246x249.jpg/ff4444/ffffff,67.94,19,7,,,,
Sullivan,32,http://dummyimage.com/196x198.jpg/5fa2dd/ffffff,43.1,16,16,,,,
Johnson,83,http://dummyimage.com/161x221.jpg/cc0000/ffffff,51.17,8,1,,,,
Morales,44,http://dummyimage.com/121x191.jpg/dddddd/000000,53.15,5,16,,,,
Roberts,39,http://dummyimage.com/205x182.jpg/dddddd/000000,80.64,15,11,,,,
Reynolds,46,http://dummyimage.com/248x192.jpg/cc0000/ffffff,25.62,11,13,,,,
Garcia,73,http://dummyimage.com/193x159.jpg/dddddd/000000,78.88,20,12,,,,
Mills,68,http://dummyimage.com/134x214.jpg/5fa2dd/ffffff,22.42,7,10,,,,
Reyes,31,http://dummyimage.com/232x185.jpg/5fa2dd/ffffff,51.82,19,8,,,,
Ray,88,http://dummyimage.com/113x112.jpg/cc0000/ffffff,19.63,11,3,,,,
Burke,89,http://dummyimage.com/174x164.jpg/5fa2dd/ffffff,88.38,15,14,,,,
Foster,28,http://dummyimage.com/166x159.jpg/cc0000/ffffff,38.65,8,8,,,,
Gray,72,http://dummyimage.com/143x249.jpg/cc0000/ffffff,76.64,2,17,,,,
Woods,1,http://dummyimage.com/210x220.jpg/dddddd/000000,50.18,18,7,,,,
Hanson,63,http://dummyimage.com/232x140.jpg/cc0000/ffffff,32.08,4,14,,,,
Watkins,30,http://dummyimage.com/231x247.jpg/ff4444/ffffff,62.6,20,8,,,,
Hamilton,56,http://dummyimage.com/195x192.jpg/dddddd/000000,54.43,16,3,,,,
Martin,51,http://dummyimage.com/208x138.jpg/cc0000/ffffff,60.98,16,3,,,,
Perez,40,http://dummyimage.com/233x139.jpg/cc0000/ffffff,93.16,17,11,,,,
Bowman,14,http://dummyimage.com/224x203.jpg/cc0000/ffffff,66.26,10,4,,,,
Scott,95,http://dummyimage.com/238x241.jpg/dddddd/000000,58.23,12,18,,,,
Franklin,93,http://dummyimage.com/185x220.jpg/cc0000/ffffff,80.11,12,18,,,,
Webb,6,http://dummyimage.com/172x139.jpg/dddddd/000000,87.81,11,4,,,,
Shaw,45,http://dummyimage.com/221x237.jpg/ff4444/ffffff,68.1,1,1,,,,
Woods,74,http://dummyimage.com/124x190.jpg/5fa2dd/ffffff,58.25,5,17,,,,
Chavez,13,http://dummyimage.com/243x216.jpg/5fa2dd/ffffff,13.55,7,19,,,,
James,80,http://dummyimage.com/209x146.jpg/5fa2dd/ffffff,16.12,12,13,,,,
Hanson,19,http://dummyimage.com/116x120.jpg/ff4444/ffffff,66.78,14,15,,,,
Morrison,38,http://dummyimage.com/249x117.jpg/dddddd/000000,20.73,9,12,,,,
Rivera,88,http://dummyimage.com/108x222.jpg/ff4444/ffffff,64.25,3,10,,,,
Flores,74,http://dummyimage.com/169x244.jpg/ff4444/ffffff,24.42,4,18,,,,
Lynch,36,http://dummyimage.com/248x170.jpg/5fa2dd/ffffff,41.29,7,8,,,,
Martinez,41,http://dummyimage.com/112x198.jpg/5fa2dd/ffffff,12.52,12,18,,,,
Wheeler,83,http://dummyimage.com/244x168.jpg/5fa2dd/ffffff,94.22,7,2,,,,
Henry,80,http://dummyimage.com/179x195.jpg/cc0000/ffffff,68.45,17,12,,,,
Warren,99,http://dummyimage.com/152x194.jpg/ff4444/ffffff,49.53,16,3,,,,
Johnson,43,http://dummyimage.com/144x211.jpg/5fa2dd/ffffff,73.72,2,11,,,,
Rodriguez,11,http://dummyimage.com/197x243.jpg/cc0000/ffffff,55.89,2,4,,,,
Wright,76,http://dummyimage.com/114x124.jpg/dddddd/000000,76.59,18,9,,,,
Wright,47,http://dummyimage.com/119x199.jpg/5fa2dd/ffffff,38.64,14,10,,,,
Knight,88,http://dummyimage.com/219x230.jpg/5fa2dd/ffffff,67.46,2,11,,,,
Watkins,81,http://dummyimage.com/208x189.jpg/5fa2dd/ffffff,74.05,2,13,,,,
Watkins,38,http://dummyimage.com/227x245.jpg/dddddd/000000,13.17,20,2,,,,
Ray,47,http://dummyimage.com/115x211.jpg/ff4444/ffffff,55.86,1,8,,,,
Bell,13,http://dummyimage.com/131x168.jpg/ff4444/ffffff,41.43,17,10,,,,
Duncan,9,http://dummyimage.com/150x241.jpg/dddddd/000000,14.74,8,10,,,,
Fields,71,http://dummyimage.com/231x213.jpg/5fa2dd/ffffff,18.33,14,8,,,,
Kennedy,44,http://dummyimage.com/197x192.jpg/5fa2dd/ffffff,14.95,6,16,,,,
Bishop,64,http://dummyimage.com/152x225.jpg/5fa2dd/ffffff,18.75,20,6,,,,
Phillips,25,http://dummyimage.com/195x243.jpg/cc0000/ffffff,51.89,20,2,,,,
Perkins,68,http://dummyimage.com/228x178.jpg/dddddd/000000,48.78,6,1,,,,
Ortiz,38,http://dummyimage.com/158x103.jpg/cc0000/ffffff,86.12,6,11,,,,
Montgomery,26,http://dummyimage.com/205x181.jpg/5fa2dd/ffffff,26.82,17,14,,,,
Green,21,http://dummyimage.com/168x111.jpg/ff4444/ffffff,41.62,9,17,,,,
Davis,95,http://dummyimage.com/117x118.jpg/dddddd/000000,44.44,9,5,,,,
Larson,1,http://dummyimage.com/250x217.jpg/ff4444/ffffff,83.12,9,16,,,,
Fowler,88,http://dummyimage.com/199x174.jpg/5fa2dd/ffffff,68.98,8,16,,,,
Ramirez,77,http://dummyimage.com/202x119.jpg/cc0000/ffffff,70.37,9,2,,,,
Miller,18,http://dummyimage.com/248x212.jpg/5fa2dd/ffffff,78.09,13,18,,,,
Garza,19,http://dummyimage.com/138x203.jpg/dddddd/000000,14.37,14,5,,,,
Simmons,20,http://dummyimage.com/231x109.jpg/cc0000/ffffff,68.1,7,16,,,,
Boyd,61,http://dummyimage.com/201x145.jpg/dddddd/000000,25.46,18,7,,,,
Kim,3,http://dummyimage.com/246x201.jpg/ff4444/ffffff,21.32,13,3,,,,
Hughes,20,http://dummyimage.com/197x145.jpg/dddddd/000000,30.34,20,8,,,,
Mills,54,http://dummyimage.com/205x149.jpg/5fa2dd/ffffff,41.06,17,7,,,,
Payne,58,http://dummyimage.com/150x226.jpg/dddddd/000000,81.11,11,12,,,,
Sanchez,15,http://dummyimage.com/129x140.jpg/dddddd/000000,33.63,11,2,,,,
Hall,85,http://dummyimage.com/145x107.jpg/cc0000/ffffff,10,11,5,,,,
Austin,37,http://dummyimage.com/221x173.jpg/dddddd/000000,41.98,17,12,,,,
Owens,44,http://dummyimage.com/153x164.jpg/ff4444/ffffff,31.33,20,4,,,,
Nguyen,27,http://dummyimage.com/145x240.jpg/dddddd/000000,40.03,7,15,,,,
Thompson,86,http://dummyimage.com/196x105.jpg/cc0000/ffffff,91.27,12,15,,,,
Green,85,http://dummyimage.com/135x142.jpg/cc0000/ffffff,49.07,9,7,,,,
Pierce,27,http://dummyimage.com/122x120.jpg/ff4444/ffffff,75.09,6,14,,,,
Taylor,99,http://dummyimage.com/158x214.jpg/cc0000/ffffff,82.41,9,9,,,,
Mitchell,54,http://dummyimage.com/157x223.jpg/5fa2dd/ffffff,84.64,18,6,,,,
Jordan,29,http://dummyimage.com/129x112.jpg/5fa2dd/ffffff,18.59,12,8,,,,
Carter,38,http://dummyimage.com/173x120.jpg/cc0000/ffffff,18.33,19,11,,,,
Rivera,98,http://dummyimage.com/127x118.jpg/dddddd/000000,90.08,11,5,,,,
Price,20,http://dummyimage.com/188x161.jpg/5fa2dd/ffffff,21.05,6,3,,,,
Ryan,19,http://dummyimage.com/127x146.jpg/5fa2dd/ffffff,80.32,14,16,,,,
Simpson,91,http://dummyimage.com/175x154.jpg/5fa2dd/ffffff,37.21,4,15,,,,
Wright,80,http://dummyimage.com/201x121.jpg/dddddd/000000,36.48,16,13,,,,
Powell,24,http://dummyimage.com/115x167.jpg/5fa2dd/ffffff,41.87,5,3,,,,
Fernandez,98,http://dummyimage.com/134x180.jpg/dddddd/000000,92.62,4,15,,,,
Torres,63,http://dummyimage.com/114x210.jpg/5fa2dd/ffffff,59.17,11,14,,,,
Spencer,11,http://dummyimage.com/242x221.jpg/ff4444/ffffff,21.44,9,18,,,,
Moreno,40,http://dummyimage.com/116x153.jpg/ff4444/ffffff,21.59,12,18,,,,
Franklin,24,http://dummyimage.com/226x141.jpg/dddddd/000000,47.43,12,19,,,,
Austin,52,http://dummyimage.com/107x196.jpg/cc0000/ffffff,97.87,19,16,,,,
Washington,14,http://dummyimage.com/188x158.jpg/dddddd/000000,90.36,8,13,,,,
Martinez,29,http://dummyimage.com/186x215.jpg/ff4444/ffffff,26.93,14,4,,,,
Moore,52,http://dummyimage.com/189x133.jpg/cc0000/ffffff,57.45,9,9,,,,
Hart,50,http://dummyimage.com/175x203.jpg/ff4444/ffffff,18.16,9,8,,,,
Collins,12,http://dummyimage.com/230x142.jpg/5fa2dd/ffffff,76.44,3,7,,,,
Stewart,74,http://dummyimage.com/155x247.jpg/ff4444/ffffff,94.53,3,2,,,,
Wood,99,http://dummyimage.com/141x193.jpg/5fa2dd/ffffff,25.39,11,7,,,,
Ray,80,http://dummyimage.com/160x104.jpg/5fa2dd/ffffff,99.73,19,6,,,,
Greene,86,http://dummyimage.com/131x246.jpg/5fa2dd/ffffff,20.85,19,8,,,,
Robinson,51,http://dummyimage.com/206x195.jpg/cc0000/ffffff,67.36,3,1,,,,
Fisher,38,http://dummyimage.com/234x222.jpg/dddddd/000000,78.87,8,3,,,,
James,2,http://dummyimage.com/186x233.jpg/ff4444/ffffff,69.49,15,6,,,,
Grant,93,http://dummyimage.com/186x145.jpg/ff4444/ffffff,52.81,4,5,,,,
Hill,94,http://dummyimage.com/193x147.jpg/dddddd/000000,70.86,7,15,,,,
Wagner,73,http://dummyimage.com/222x114.jpg/5fa2dd/ffffff,77.08,1,2,,,,
Barnes,45,http://dummyimage.com/119x184.jpg/cc0000/ffffff,95.28,4,16,,,,
Clark,18,http://dummyimage.com/227x182.jpg/cc0000/ffffff,43.62,8,8,,,,
Gonzales,96,http://dummyimage.com/134x184.jpg/5fa2dd/ffffff,36.23,10,19,,,,
Torres,81,http://dummyimage.com/172x228.jpg/ff4444/ffffff,24.33,17,19,,,,
Mitchell,90,http://dummyimage.com/247x191.jpg/dddddd/000000,47.59,2,18,,,,
Hughes,74,http://dummyimage.com/187x141.jpg/cc0000/ffffff,14.77,1,17,,,,
Harper,29,http://dummyimage.com/164x124.jpg/cc0000/ffffff,12.25,7,14,,,,
Armstrong,4,http://dummyimage.com/134x151.jpg/5fa2dd/ffffff,83.6,5,8,,,,
Hill,58,http://dummyimage.com/247x242.jpg/cc0000/ffffff,10.47,9,16,,,,
Stewart,90,http://dummyimage.com/200x100.jpg/ff4444/ffffff,69.04,17,13,,,,
Matthews,70,http://dummyimage.com/152x162.jpg/5fa2dd/ffffff,65.43,15,11,,,,
Ford,41,http://dummyimage.com/116x231.jpg/ff4444/ffffff,11.24,14,19,,,,
Lawson,38,http://dummyimage.com/193x105.jpg/dddddd/000000,88.2,1,9,,,,
Shaw,98,http://dummyimage.com/229x154.jpg/cc0000/ffffff,63.55,11,6,,,,
Peters,20,http://dummyimage.com/206x162.jpg/dddddd/000000,62.47,12,19,,,,
Harvey,53,http://dummyimage.com/232x225.jpg/ff4444/ffffff,18.76,8,13,,,,
Bennett,35,http://dummyimage.com/235x127.jpg/ff4444/ffffff,14.59,17,7,,,,
Parker,100,http://dummyimage.com/194x126.jpg/ff4444/ffffff,96.87,15,5,,,,
Ortiz,97,http://dummyimage.com/130x159.jpg/cc0000/ffffff,36.12,4,17,,,,
Montgomery,71,http://dummyimage.com/147x228.jpg/cc0000/ffffff,24.55,1,17,,,,
Diaz,69,http://dummyimage.com/117x180.jpg/5fa2dd/ffffff,22.47,14,16,,,,
Freeman,78,http://dummyimage.com/166x153.jpg/ff4444/ffffff,70.4,2,14,,,,
Mitchell,67,http://dummyimage.com/228x142.jpg/5fa2dd/ffffff,86.32,10,8,,,,
Dixon,99,http://dummyimage.com/132x107.jpg/ff4444/ffffff,19.23,12,15,,,,
Green,88,http://dummyimage.com/211x198.jpg/dddddd/000000,48.89,19,1,,,,
Moore,24,http://dummyimage.com/201x133.jpg/5fa2dd/ffffff,93.95,17,10,,,,
Ferguson,30,http://dummyimage.com/191x241.jpg/cc0000/ffffff,82.28,2,7,,,,
Harris,71,http://dummyimage.com/162x187.jpg/dddddd/000000,13.65,20,7,,,,
Baker,69,http://dummyimage.com/217x121.jpg/dddddd/000000,71.02,17,5,,,,
Holmes,96,http://dummyimage.com/138x104.jpg/dddddd/000000,82.49,18,11,,,,
Butler,77,http://dummyimage.com/187x101.jpg/cc0000/ffffff,20.31,8,2,,,,
Jackson,9,http://dummyimage.com/221x137.jpg/5fa2dd/ffffff,52.97,2,16,,,,
Garcia,47,http://dummyimage.com/142x167.jpg/ff4444/ffffff,78.37,7,10,,,,
Crawford,78,http://dummyimage.com/113x173.jpg/dddddd/000000,69.2,16,15,,,,
Mason,77,http://dummyimage.com/247x145.jpg/dddddd/000000,78.18,3,18,,,,
Hunter,2,http://dummyimage.com/196x144.jpg/ff4444/ffffff,99.13,18,1,,,,
Mccoy,49,http://dummyimage.com/187x216.jpg/ff4444/ffffff,35.69,11,15,,,,
Kelley,98,http://dummyimage.com/104x123.jpg/ff4444/ffffff,67.46,8,11,,,,
Fields,2,http://dummyimage.com/109x138.jpg/dddddd/000000,30.01,12,4,,,,
Allen,2,http://dummyimage.com/235x120.jpg/cc0000/ffffff,36.92,15,3,,,,
Mendoza,33,http://dummyimage.com/184x120.jpg/dddddd/000000,26.06,1,8,,,,
Smith,26,http://dummyimage.com/121x171.jpg/cc0000/ffffff,60.88,11,12,,,,
Murray,67,http://dummyimage.com/156x197.jpg/5fa2dd/ffffff,51.1,4,7,,,,
Russell,79,http://dummyimage.com/230x149.jpg/ff4444/ffffff,42.77,3,10,,,,
Stevens,45,http://dummyimage.com/200x121.jpg/5fa2dd/ffffff,69.53,7,16,,,,
Watson,48,http://dummyimage.com/112x136.jpg/5fa2dd/ffffff,39.87,19,16,,,,
Woods,73,http://dummyimage.com/183x222.jpg/cc0000/ffffff,97.32,4,9,,,,
Fox,16,http://dummyimage.com/121x204.jpg/cc0000/ffffff,52.92,9,4,,,,
Martinez,25,http://dummyimage.com/130x194.jpg/5fa2dd/ffffff,61.64,14,19,,,,
Mcdonald,73,http://dummyimage.com/134x227.jpg/dddddd/000000,13.54,10,3,,,,
Mills,51,http://dummyimage.com/122x136.jpg/dddddd/000000,30.14,4,14,,,,
Watson,50,http://dummyimage.com/118x186.jpg/cc0000/ffffff,79.09,8,3,,,,
Fernandez,69,http://dummyimage.com/168x171.jpg/cc0000/ffffff,18.2,3,15,,,,
Ward,20,http://dummyimage.com/174x143.jpg/dddddd/000000,55.56,17,12,,,,
Stone,73,http://dummyimage.com/145x143.jpg/5fa2dd/ffffff,81.53,14,13,,,,
Coleman,97,http://dummyimage.com/210x157.jpg/cc0000/ffffff,12.17,10,17,,,,
Ray,96,http://dummyimage.com/108x200.jpg/cc0000/ffffff,53.45,1,9,,,,
Matthews,32,http://dummyimage.com/232x224.jpg/ff4444/ffffff,86.01,14,18,,,,
Cunningham,36,http://dummyimage.com/125x172.jpg/cc0000/ffffff,62.72,2,8,,,,
Warren,4,http://dummyimage.com/241x125.jpg/dddddd/000000,72.24,17,15,,,,
Gomez,54,http://dummyimage.com/240x137.jpg/dddddd/000000,70.2,1,5,,,,
Jones,45,http://dummyimage.com/137x234.jpg/dddddd/000000,73.4,15,10,,,,
Schmidt,26,http://dummyimage.com/211x130.jpg/5fa2dd/ffffff,68.21,20,15,,,,
Stone,16,http://dummyimage.com/115x226.jpg/dddddd/000000,11.55,2,6,,,,
Baker,12,http://dummyimage.com/205x227.jpg/5fa2dd/ffffff,40.3,4,1,,,,
Arnold,81,http://dummyimage.com/108x161.jpg/5fa2dd/ffffff,99,16,2,,,,
Howell,49,http://dummyimage.com/247x148.jpg/ff4444/ffffff,75.36,11,14,,,,
Gray,67,http://dummyimage.com/106x205.jpg/dddddd/000000,66.45,1,7,,,,
Hamilton,8,http://dummyimage.com/121x186.jpg/cc0000/ffffff,19.31,1,4,,,,
